name,type_1,type_2,ability,bst,pokedex_description,sprite_front,sprite_shiny,sprite_back,sprite_back_shiny
bulbasaur,grass,poison,overgrow,318,A strange seed was planted on its back at birth. The plant sprouts and grows with this POKéMON.,https://img.pokemondb.net/sprites/black-white/normal/bulbasaur.png,https://img.pokemondb.net/sprites/black-white/shiny/bulbasaur.png,https://img.pokemondb.net/sprites/black-white/back-normal/bulbasaur.png,https://img.pokemondb.net/sprites/black-white/back-shiny/bulbasaur.png
ivysaur,grass,poison,overgrow,405,"When the bulb on its back grows large, it appears to lose the ability to stand on its hind legs.",https://img.pokemondb.net/sprites/black-white/normal/ivysaur.png,https://img.pokemondb.net/sprites/black-white/shiny/ivysaur.png,https://img.pokemondb.net/sprites/black-white/back-normal/ivysaur.png,https://img.pokemondb.net/sprites/black-white/back-shiny/ivysaur.png
venusaur,grass,poison,overgrow,525,The plant blooms when it is absorbing solar energy. It stays on the move to seek sunlight.,https://img.pokemondb.net/sprites/black-white/normal/venusaur.png,https://img.pokemondb.net/sprites/black-white/shiny/venusaur.png,https://img.pokemondb.net/sprites/black-white/back-normal/venusaur.png,https://img.pokemondb.net/sprites/black-white/back-shiny/venusaur.png
charmander,fire,,blaze,309,"Obviously prefers hot places. When it rains, steam is said to spout from the tip of its tail.",https://img.pokemondb.net/sprites/black-white/normal/charmander.png,https://img.pokemondb.net/sprites/black-white/shiny/charmander.png,https://img.pokemondb.net/sprites/black-white/back-normal/charmander.png,https://img.pokemondb.net/sprites/black-white/back-shiny/charmander.png
charmeleon,fire,,blaze,405,"When it swings its burning tail, it elevates the temperature to unbearably high levels.",https://img.pokemondb.net/sprites/black-white/normal/charmeleon.png,https://img.pokemondb.net/sprites/black-white/shiny/charmeleon.png,https://img.pokemondb.net/sprites/black-white/back-normal/charmeleon.png,https://img.pokemondb.net/sprites/black-white/back-shiny/charmeleon.png
charizard,fire,flying,blaze,534,Spits fire that is hot enough to melt boulders. Known to cause forest fires unintentionally.,https://img.pokemondb.net/sprites/black-white/normal/charizard.png,https://img.pokemondb.net/sprites/black-white/shiny/charizard.png,https://img.pokemondb.net/sprites/black-white/back-normal/charizard.png,https://img.pokemondb.net/sprites/black-white/back-shiny/charizard.png
squirtle,water,,torrent,314,"After birth, its back swells and hardens into a shell. Powerfully sprays foam from its mouth.",https://img.pokemondb.net/sprites/black-white/normal/squirtle.png,https://img.pokemondb.net/sprites/black-white/shiny/squirtle.png,https://img.pokemondb.net/sprites/black-white/back-normal/squirtle.png,https://img.pokemondb.net/sprites/black-white/back-shiny/squirtle.png
wartortle,water,,torrent,405,"Often hides in water to stalk unwary prey. For swimming fast, it moves its ears to maintain balance.",https://img.pokemondb.net/sprites/black-white/normal/wartortle.png,https://img.pokemondb.net/sprites/black-white/shiny/wartortle.png,https://img.pokemondb.net/sprites/black-white/back-normal/wartortle.png,https://img.pokemondb.net/sprites/black-white/back-shiny/wartortle.png
blastoise,water,,torrent,530,A brutal POKéMON with pressurized water jets on its shell. They are used for high speed tackles.,https://img.pokemondb.net/sprites/black-white/normal/blastoise.png,https://img.pokemondb.net/sprites/black-white/shiny/blastoise.png,https://img.pokemondb.net/sprites/black-white/back-normal/blastoise.png,https://img.pokemondb.net/sprites/black-white/back-shiny/blastoise.png
caterpie,bug,,shield-dust,195,Its short feet are tipped with suction pads that enable it to tirelessly climb slopes and walls.,https://img.pokemondb.net/sprites/black-white/normal/caterpie.png,https://img.pokemondb.net/sprites/black-white/shiny/caterpie.png,https://img.pokemondb.net/sprites/black-white/back-normal/caterpie.png,https://img.pokemondb.net/sprites/black-white/back-shiny/caterpie.png
metapod,bug,,shed-skin,205,"This POKéMON is vulnerable to attack while its shell is soft, exposing its weak and tender body.",https://img.pokemondb.net/sprites/black-white/normal/metapod.png,https://img.pokemondb.net/sprites/black-white/shiny/metapod.png,https://img.pokemondb.net/sprites/black-white/back-normal/metapod.png,https://img.pokemondb.net/sprites/black-white/back-shiny/metapod.png
butterfree,bug,flying,compound-eyes,395,"In battle, it flaps its wings at high speed to release highly toxic dust into the air.",https://img.pokemondb.net/sprites/black-white/normal/butterfree.png,https://img.pokemondb.net/sprites/black-white/shiny/butterfree.png,https://img.pokemondb.net/sprites/black-white/back-normal/butterfree.png,https://img.pokemondb.net/sprites/black-white/back-shiny/butterfree.png
weedle,bug,poison,shield-dust,195,"Often found in forests, eating leaves. It has a sharp venomous stinger on its head.",https://img.pokemondb.net/sprites/black-white/normal/weedle.png,https://img.pokemondb.net/sprites/black-white/shiny/weedle.png,https://img.pokemondb.net/sprites/black-white/back-normal/weedle.png,https://img.pokemondb.net/sprites/black-white/back-shiny/weedle.png
kakuna,bug,poison,shed-skin,205,"Almost incapable of moving, this POKéMON can only harden its shell to protect itself from predators.",https://img.pokemondb.net/sprites/black-white/normal/kakuna.png,https://img.pokemondb.net/sprites/black-white/shiny/kakuna.png,https://img.pokemondb.net/sprites/black-white/back-normal/kakuna.png,https://img.pokemondb.net/sprites/black-white/back-shiny/kakuna.png
beedrill,bug,poison,swarm,395,Flies at high speed and attacks using its large venomous stingers on its forelegs and tail.,https://img.pokemondb.net/sprites/black-white/normal/beedrill.png,https://img.pokemondb.net/sprites/black-white/shiny/beedrill.png,https://img.pokemondb.net/sprites/black-white/back-normal/beedrill.png,https://img.pokemondb.net/sprites/black-white/back-shiny/beedrill.png
pidgey,normal,flying,keen-eye,251,A common sight in forests and woods. It flaps its wings at ground level to kick up blinding sand.,https://img.pokemondb.net/sprites/black-white/normal/pidgey.png,https://img.pokemondb.net/sprites/black-white/shiny/pidgey.png,https://img.pokemondb.net/sprites/black-white/back-normal/pidgey.png,https://img.pokemondb.net/sprites/black-white/back-shiny/pidgey.png
pidgeotto,normal,flying,keen-eye,349,"Very protective of its sprawling territorial area, this POKéMON will fiercely peck at any intruder.",https://img.pokemondb.net/sprites/black-white/normal/pidgeotto.png,https://img.pokemondb.net/sprites/black-white/shiny/pidgeotto.png,https://img.pokemondb.net/sprites/black-white/back-normal/pidgeotto.png,https://img.pokemondb.net/sprites/black-white/back-shiny/pidgeotto.png
pidgeot,normal,flying,keen-eye,479,"When hunting, it skims the surface of water at high speed to pick off unwary prey such as MAGIKARP.",https://img.pokemondb.net/sprites/black-white/normal/pidgeot.png,https://img.pokemondb.net/sprites/black-white/shiny/pidgeot.png,https://img.pokemondb.net/sprites/black-white/back-normal/pidgeot.png,https://img.pokemondb.net/sprites/black-white/back-shiny/pidgeot.png
rattata,normal,,run-away,253,"Bites anything when it attacks. Small and very quick, it is a common sight in many places.",https://img.pokemondb.net/sprites/black-white/normal/rattata.png,https://img.pokemondb.net/sprites/black-white/shiny/rattata.png,https://img.pokemondb.net/sprites/black-white/back-normal/rattata.png,https://img.pokemondb.net/sprites/black-white/back-shiny/rattata.png
raticate,normal,,run-away,413,It uses its whis­ kers to maintain its balance. It apparently slows down if they are cut off.,https://img.pokemondb.net/sprites/black-white/normal/raticate.png,https://img.pokemondb.net/sprites/black-white/shiny/raticate.png,https://img.pokemondb.net/sprites/black-white/back-normal/raticate.png,https://img.pokemondb.net/sprites/black-white/back-shiny/raticate.png
spearow,normal,flying,keen-eye,262,Eats bugs in grassy areas. It has to flap its short wings at high speed to stay airborne.,https://img.pokemondb.net/sprites/black-white/normal/spearow.png,https://img.pokemondb.net/sprites/black-white/shiny/spearow.png,https://img.pokemondb.net/sprites/black-white/back-normal/spearow.png,https://img.pokemondb.net/sprites/black-white/back-shiny/spearow.png
fearow,normal,flying,keen-eye,442,"With its huge and magnificent wings, it can keep aloft without ever having to land for rest.",https://img.pokemondb.net/sprites/black-white/normal/fearow.png,https://img.pokemondb.net/sprites/black-white/shiny/fearow.png,https://img.pokemondb.net/sprites/black-white/back-normal/fearow.png,https://img.pokemondb.net/sprites/black-white/back-shiny/fearow.png
ekans,poison,,intimidate,288,"Moves silently and stealthily. Eats the eggs of birds, such as PIDGEY and SPEAROW, whole.",https://img.pokemondb.net/sprites/black-white/normal/ekans.png,https://img.pokemondb.net/sprites/black-white/shiny/ekans.png,https://img.pokemondb.net/sprites/black-white/back-normal/ekans.png,https://img.pokemondb.net/sprites/black-white/back-shiny/ekans.png
arbok,poison,,intimidate,448,It is rumored that the ferocious warning markings on its belly differ from area to area.,https://img.pokemondb.net/sprites/black-white/normal/arbok.png,https://img.pokemondb.net/sprites/black-white/shiny/arbok.png,https://img.pokemondb.net/sprites/black-white/back-normal/arbok.png,https://img.pokemondb.net/sprites/black-white/back-shiny/arbok.png
pikachu,electric,,static,320,"When several of these POKéMON gather, their electricity could build and cause lightning storms.",https://img.pokemondb.net/sprites/black-white/normal/pikachu.png,https://img.pokemondb.net/sprites/black-white/shiny/pikachu.png,https://img.pokemondb.net/sprites/black-white/back-normal/pikachu.png,https://img.pokemondb.net/sprites/black-white/back-shiny/pikachu.png
raichu,electric,,static,485,Its long tail serves as a ground to protect itself from its own high voltage power.,https://img.pokemondb.net/sprites/black-white/normal/raichu.png,https://img.pokemondb.net/sprites/black-white/shiny/raichu.png,https://img.pokemondb.net/sprites/black-white/back-normal/raichu.png,https://img.pokemondb.net/sprites/black-white/back-shiny/raichu.png
sandshrew,ground,,sand-veil,300,Burrows deep underground in arid locations far from water. It only emerges to hunt for food.,https://img.pokemondb.net/sprites/black-white/normal/sandshrew.png,https://img.pokemondb.net/sprites/black-white/shiny/sandshrew.png,https://img.pokemondb.net/sprites/black-white/back-normal/sandshrew.png,https://img.pokemondb.net/sprites/black-white/back-shiny/sandshrew.png
sandslash,ground,,sand-veil,450,Curls up into a spiny ball when threatened. It can roll while curled up to attack or escape.,https://img.pokemondb.net/sprites/black-white/normal/sandslash.png,https://img.pokemondb.net/sprites/black-white/shiny/sandslash.png,https://img.pokemondb.net/sprites/black-white/back-normal/sandslash.png,https://img.pokemondb.net/sprites/black-white/back-shiny/sandslash.png
nidoran-f,poison,,poison-point,275,"Although small, its venomous barbs render this POKéMON dangerous. The female has smaller horns.",https://img.pokemondb.net/sprites/black-white/normal/nidoran-f.png,https://img.pokemondb.net/sprites/black-white/shiny/nidoran-f.png,https://img.pokemondb.net/sprites/black-white/back-normal/nidoran-f.png,https://img.pokemondb.net/sprites/black-white/back-shiny/nidoran-f.png
nidorina,poison,,poison-point,365,The female's horn develops slowly. Prefers physical attacks such as clawing and biting.,https://img.pokemondb.net/sprites/black-white/normal/nidorina.png,https://img.pokemondb.net/sprites/black-white/shiny/nidorina.png,https://img.pokemondb.net/sprites/black-white/back-normal/nidorina.png,https://img.pokemondb.net/sprites/black-white/back-shiny/nidorina.png
nidoqueen,poison,ground,poison-point,505,Its hard scales provide strong protection. It uses its hefty bulk to execute powerful moves.,https://img.pokemondb.net/sprites/black-white/normal/nidoqueen.png,https://img.pokemondb.net/sprites/black-white/shiny/nidoqueen.png,https://img.pokemondb.net/sprites/black-white/back-normal/nidoqueen.png,https://img.pokemondb.net/sprites/black-white/back-shiny/nidoqueen.png
nidoran-m,poison,,poison-point,273,"Stiffens its ears to sense danger. The larger its horns, the more powerful its secreted venom.",https://img.pokemondb.net/sprites/black-white/normal/nidoran-m.png,https://img.pokemondb.net/sprites/black-white/shiny/nidoran-m.png,https://img.pokemondb.net/sprites/black-white/back-normal/nidoran-m.png,https://img.pokemondb.net/sprites/black-white/back-shiny/nidoran-m.png
nidorino,poison,,poison-point,365,An aggressive POKéMON that is quick to attack. The horn on its head secretes a powerful venom.,https://img.pokemondb.net/sprites/black-white/normal/nidorino.png,https://img.pokemondb.net/sprites/black-white/shiny/nidorino.png,https://img.pokemondb.net/sprites/black-white/back-normal/nidorino.png,https://img.pokemondb.net/sprites/black-white/back-shiny/nidorino.png
nidoking,poison,ground,poison-point,505,"It uses its powerful tail in battle to smash, constrict, then break the prey's bones.",https://img.pokemondb.net/sprites/black-white/normal/nidoking.png,https://img.pokemondb.net/sprites/black-white/shiny/nidoking.png,https://img.pokemondb.net/sprites/black-white/back-normal/nidoking.png,https://img.pokemondb.net/sprites/black-white/back-shiny/nidoking.png
clefairy,fairy,,cute-charm,323,Its magical and cute appeal has many admirers. It is rare and found only in certain areas.,https://img.pokemondb.net/sprites/black-white/normal/clefairy.png,https://img.pokemondb.net/sprites/black-white/shiny/clefairy.png,https://img.pokemondb.net/sprites/black-white/back-normal/clefairy.png,https://img.pokemondb.net/sprites/black-white/back-shiny/clefairy.png
clefable,fairy,,cute-charm,483,A timid fairy POKéMON that is rarely seen. It will run and hide the moment it senses people.,https://img.pokemondb.net/sprites/black-white/normal/clefable.png,https://img.pokemondb.net/sprites/black-white/shiny/clefable.png,https://img.pokemondb.net/sprites/black-white/back-normal/clefable.png,https://img.pokemondb.net/sprites/black-white/back-shiny/clefable.png
vulpix,fire,,flash-fire,299,"At the time of birth, it has just one tail. The tail splits from its tip as it grows older.",https://img.pokemondb.net/sprites/black-white/normal/vulpix.png,https://img.pokemondb.net/sprites/black-white/shiny/vulpix.png,https://img.pokemondb.net/sprites/black-white/back-normal/vulpix.png,https://img.pokemondb.net/sprites/black-white/back-shiny/vulpix.png
ninetales,fire,,flash-fire,505,Very smart and very vengeful. Grabbing one of its many tails could result in a 1000-year curse.,https://img.pokemondb.net/sprites/black-white/normal/ninetales.png,https://img.pokemondb.net/sprites/black-white/shiny/ninetales.png,https://img.pokemondb.net/sprites/black-white/back-normal/ninetales.png,https://img.pokemondb.net/sprites/black-white/back-shiny/ninetales.png
jigglypuff,normal,fairy,cute-charm,270,"When its huge eyes light up, it sings a mysteriously soothing melody that lulls its enemies to sleep.",https://img.pokemondb.net/sprites/black-white/normal/jigglypuff.png,https://img.pokemondb.net/sprites/black-white/shiny/jigglypuff.png,https://img.pokemondb.net/sprites/black-white/back-normal/jigglypuff.png,https://img.pokemondb.net/sprites/black-white/back-shiny/jigglypuff.png
wigglytuff,normal,fairy,cute-charm,435,"The body is soft and rubbery. When angered, it will suck in air and inflate itself to an enormous size.",https://img.pokemondb.net/sprites/black-white/normal/wigglytuff.png,https://img.pokemondb.net/sprites/black-white/shiny/wigglytuff.png,https://img.pokemondb.net/sprites/black-white/back-normal/wigglytuff.png,https://img.pokemondb.net/sprites/black-white/back-shiny/wigglytuff.png
zubat,poison,flying,inner-focus,245,Forms colonies in perpetually dark places. Uses ultrasonic waves to identify and approach targets.,https://img.pokemondb.net/sprites/black-white/normal/zubat.png,https://img.pokemondb.net/sprites/black-white/shiny/zubat.png,https://img.pokemondb.net/sprites/black-white/back-normal/zubat.png,https://img.pokemondb.net/sprites/black-white/back-shiny/zubat.png
golbat,poison,flying,inner-focus,455,"Once it strikes, it will not stop draining energy from the victim even if it gets too heavy to fly.",https://img.pokemondb.net/sprites/black-white/normal/golbat.png,https://img.pokemondb.net/sprites/black-white/shiny/golbat.png,https://img.pokemondb.net/sprites/black-white/back-normal/golbat.png,https://img.pokemondb.net/sprites/black-white/back-shiny/golbat.png
oddish,grass,poison,chlorophyll,320,"During the day, it keeps its face buried in the ground. At night, it wanders around sowing its seeds.",https://img.pokemondb.net/sprites/black-white/normal/oddish.png,https://img.pokemondb.net/sprites/black-white/shiny/oddish.png,https://img.pokemondb.net/sprites/black-white/back-normal/oddish.png,https://img.pokemondb.net/sprites/black-white/back-shiny/oddish.png
gloom,grass,poison,chlorophyll,395,The fluid that oozes from its mouth isn't drool. It is a nectar that is used to attract prey.,https://img.pokemondb.net/sprites/black-white/normal/gloom.png,https://img.pokemondb.net/sprites/black-white/shiny/gloom.png,https://img.pokemondb.net/sprites/black-white/back-normal/gloom.png,https://img.pokemondb.net/sprites/black-white/back-shiny/gloom.png
vileplume,grass,poison,chlorophyll,490,"The larger its petals, the more toxic pollen it contains. Its big head is heavy and hard to hold up.",https://img.pokemondb.net/sprites/black-white/normal/vileplume.png,https://img.pokemondb.net/sprites/black-white/shiny/vileplume.png,https://img.pokemondb.net/sprites/black-white/back-normal/vileplume.png,https://img.pokemondb.net/sprites/black-white/back-shiny/vileplume.png
paras,bug,grass,effect-spore,285,Burrows to suck tree roots. The mushrooms on its back grow by draw­ ing nutrients from the bug host.,https://img.pokemondb.net/sprites/black-white/normal/paras.png,https://img.pokemondb.net/sprites/black-white/shiny/paras.png,https://img.pokemondb.net/sprites/black-white/back-normal/paras.png,https://img.pokemondb.net/sprites/black-white/back-shiny/paras.png
parasect,bug,grass,effect-spore,405,A host-parasite pair in which the parasite mushroom has taken over the host bug. Prefers damp places.,https://img.pokemondb.net/sprites/black-white/normal/parasect.png,https://img.pokemondb.net/sprites/black-white/shiny/parasect.png,https://img.pokemondb.net/sprites/black-white/back-normal/parasect.png,https://img.pokemondb.net/sprites/black-white/back-shiny/parasect.png
venonat,bug,poison,compound-eyes,305,Lives in the shadows of tall trees where it eats insects. It is attracted by light at night.,https://img.pokemondb.net/sprites/black-white/normal/venonat.png,https://img.pokemondb.net/sprites/black-white/shiny/venonat.png,https://img.pokemondb.net/sprites/black-white/back-normal/venonat.png,https://img.pokemondb.net/sprites/black-white/back-shiny/venonat.png
venomoth,bug,poison,shield-dust,450,The dust-like scales covering its wings are color coded to indicate the kinds of poison it has.,https://img.pokemondb.net/sprites/black-white/normal/venomoth.png,https://img.pokemondb.net/sprites/black-white/shiny/venomoth.png,https://img.pokemondb.net/sprites/black-white/back-normal/venomoth.png,https://img.pokemondb.net/sprites/black-white/back-shiny/venomoth.png
diglett,ground,,sand-veil,265,Lives about one yard underground where it feeds on plant roots. It sometimes appears above ground.,https://img.pokemondb.net/sprites/black-white/normal/diglett.png,https://img.pokemondb.net/sprites/black-white/shiny/diglett.png,https://img.pokemondb.net/sprites/black-white/back-normal/diglett.png,https://img.pokemondb.net/sprites/black-white/back-shiny/diglett.png
dugtrio,ground,,sand-veil,425,A team of DIGLETT triplets. It triggers huge earthquakes by burrowing 60 miles underground.,https://img.pokemondb.net/sprites/black-white/normal/dugtrio.png,https://img.pokemondb.net/sprites/black-white/shiny/dugtrio.png,https://img.pokemondb.net/sprites/black-white/back-normal/dugtrio.png,https://img.pokemondb.net/sprites/black-white/back-shiny/dugtrio.png
meowth,normal,,pickup,290,Adores circular objects. Wanders the streets on a nightly basis to look for dropped loose change.,https://img.pokemondb.net/sprites/black-white/normal/meowth.png,https://img.pokemondb.net/sprites/black-white/shiny/meowth.png,https://img.pokemondb.net/sprites/black-white/back-normal/meowth.png,https://img.pokemondb.net/sprites/black-white/back-shiny/meowth.png
persian,normal,,limber,440,"Although its fur has many admirers, it is tough to raise as a pet because of its fickle meanness.",https://img.pokemondb.net/sprites/black-white/normal/persian.png,https://img.pokemondb.net/sprites/black-white/shiny/persian.png,https://img.pokemondb.net/sprites/black-white/back-normal/persian.png,https://img.pokemondb.net/sprites/black-white/back-shiny/persian.png
psyduck,water,,damp,320,"While lulling its enemies with its vacant look, this wily POKéMON will use psychokinetic powers.",https://img.pokemondb.net/sprites/black-white/normal/psyduck.png,https://img.pokemondb.net/sprites/black-white/shiny/psyduck.png,https://img.pokemondb.net/sprites/black-white/back-normal/psyduck.png,https://img.pokemondb.net/sprites/black-white/back-shiny/psyduck.png
golduck,water,,damp,500,"Often seen swim­ ming elegantly by lake shores. It is often mistaken for the Japanese monster, Kappa.",https://img.pokemondb.net/sprites/black-white/normal/golduck.png,https://img.pokemondb.net/sprites/black-white/shiny/golduck.png,https://img.pokemondb.net/sprites/black-white/back-normal/golduck.png,https://img.pokemondb.net/sprites/black-white/back-shiny/golduck.png
mankey,fighting,,vital-spirit,305,Extremely quick to anger. It could be docile one moment then thrashing away the next instant.,https://img.pokemondb.net/sprites/black-white/normal/mankey.png,https://img.pokemondb.net/sprites/black-white/shiny/mankey.png,https://img.pokemondb.net/sprites/black-white/back-normal/mankey.png,https://img.pokemondb.net/sprites/black-white/back-shiny/mankey.png
primeape,fighting,,vital-spirit,455,Always furious and tenacious to boot. It will not abandon chasing its quarry until it is caught.,https://img.pokemondb.net/sprites/black-white/normal/primeape.png,https://img.pokemondb.net/sprites/black-white/shiny/primeape.png,https://img.pokemondb.net/sprites/black-white/back-normal/primeape.png,https://img.pokemondb.net/sprites/black-white/back-shiny/primeape.png
growlithe,fire,,intimidate,350,Very protective of its territory. It will bark and bite to repel intruders from its space.,https://img.pokemondb.net/sprites/black-white/normal/growlithe.png,https://img.pokemondb.net/sprites/black-white/shiny/growlithe.png,https://img.pokemondb.net/sprites/black-white/back-normal/growlithe.png,https://img.pokemondb.net/sprites/black-white/back-shiny/growlithe.png
arcanine,fire,,intimidate,555,A POKéMON that has been admired since the past for its beauty. It runs agilely as if on wings.,https://img.pokemondb.net/sprites/black-white/normal/arcanine.png,https://img.pokemondb.net/sprites/black-white/shiny/arcanine.png,https://img.pokemondb.net/sprites/black-white/back-normal/arcanine.png,https://img.pokemondb.net/sprites/black-white/back-shiny/arcanine.png
poliwag,water,,water-absorb,300,Its newly grown legs prevent it from running. It appears to prefer swimming than trying to stand.,https://img.pokemondb.net/sprites/black-white/normal/poliwag.png,https://img.pokemondb.net/sprites/black-white/shiny/poliwag.png,https://img.pokemondb.net/sprites/black-white/back-normal/poliwag.png,https://img.pokemondb.net/sprites/black-white/back-shiny/poliwag.png
poliwhirl,water,,water-absorb,385,"Capable of living in or out of water. When out of water, it sweats to keep its body slimy.",https://img.pokemondb.net/sprites/black-white/normal/poliwhirl.png,https://img.pokemondb.net/sprites/black-white/shiny/poliwhirl.png,https://img.pokemondb.net/sprites/black-white/back-normal/poliwhirl.png,https://img.pokemondb.net/sprites/black-white/back-shiny/poliwhirl.png
poliwrath,water,fighting,water-absorb,510,An adept swimmer at both the front crawl and breast stroke. Easily overtakes the best human swimmers.,https://img.pokemondb.net/sprites/black-white/normal/poliwrath.png,https://img.pokemondb.net/sprites/black-white/shiny/poliwrath.png,https://img.pokemondb.net/sprites/black-white/back-normal/poliwrath.png,https://img.pokemondb.net/sprites/black-white/back-shiny/poliwrath.png
abra,psychic,,synchronize,310,"Using its ability to read minds, it will identify impending danger and TELEPORT to safety.",https://img.pokemondb.net/sprites/black-white/normal/abra.png,https://img.pokemondb.net/sprites/black-white/shiny/abra.png,https://img.pokemondb.net/sprites/black-white/back-normal/abra.png,https://img.pokemondb.net/sprites/black-white/back-shiny/abra.png
kadabra,psychic,,synchronize,400,It emits special alpha waves from its body that induce headaches just by being close by.,https://img.pokemondb.net/sprites/black-white/normal/kadabra.png,https://img.pokemondb.net/sprites/black-white/shiny/kadabra.png,https://img.pokemondb.net/sprites/black-white/back-normal/kadabra.png,https://img.pokemondb.net/sprites/black-white/back-shiny/kadabra.png
alakazam,psychic,,synchronize,500,"Its brain can out­ perform a super­ computer. Its intelligence quotient is said to be 5,000.",https://img.pokemondb.net/sprites/black-white/normal/alakazam.png,https://img.pokemondb.net/sprites/black-white/shiny/alakazam.png,https://img.pokemondb.net/sprites/black-white/back-normal/alakazam.png,https://img.pokemondb.net/sprites/black-white/back-shiny/alakazam.png
machop,fighting,,guts,305,Loves to build its muscles. It trains in all styles of martial arts to become even stronger.,https://img.pokemondb.net/sprites/black-white/normal/machop.png,https://img.pokemondb.net/sprites/black-white/shiny/machop.png,https://img.pokemondb.net/sprites/black-white/back-normal/machop.png,https://img.pokemondb.net/sprites/black-white/back-shiny/machop.png
machoke,fighting,,guts,405,"Its muscular body is so powerful, it must wear a power save belt to be able to regulate its motions.",https://img.pokemondb.net/sprites/black-white/normal/machoke.png,https://img.pokemondb.net/sprites/black-white/shiny/machoke.png,https://img.pokemondb.net/sprites/black-white/back-normal/machoke.png,https://img.pokemondb.net/sprites/black-white/back-shiny/machoke.png
machamp,fighting,,guts,505,"Using its heavy muscles, it throws powerful punches that can send the victim clear over the horizon.",https://img.pokemondb.net/sprites/black-white/normal/machamp.png,https://img.pokemondb.net/sprites/black-white/shiny/machamp.png,https://img.pokemondb.net/sprites/black-white/back-normal/machamp.png,https://img.pokemondb.net/sprites/black-white/back-shiny/machamp.png
bellsprout,grass,poison,chlorophyll,300,A carnivorous POKéMON that traps and eats bugs. It uses its root feet to soak up needed moisture.,https://img.pokemondb.net/sprites/black-white/normal/bellsprout.png,https://img.pokemondb.net/sprites/black-white/shiny/bellsprout.png,https://img.pokemondb.net/sprites/black-white/back-normal/bellsprout.png,https://img.pokemondb.net/sprites/black-white/back-shiny/bellsprout.png
weepinbell,grass,poison,chlorophyll,390,It spits out POISONPOWDER to immobilize the enemy and then finishes it with a spray of ACID.,https://img.pokemondb.net/sprites/black-white/normal/weepinbell.png,https://img.pokemondb.net/sprites/black-white/shiny/weepinbell.png,https://img.pokemondb.net/sprites/black-white/back-normal/weepinbell.png,https://img.pokemondb.net/sprites/black-white/back-shiny/weepinbell.png
victreebel,grass,poison,chlorophyll,490,"Said to live in huge colonies deep in jungles, although no one has ever returned from there.",https://img.pokemondb.net/sprites/black-white/normal/victreebel.png,https://img.pokemondb.net/sprites/black-white/shiny/victreebel.png,https://img.pokemondb.net/sprites/black-white/back-normal/victreebel.png,https://img.pokemondb.net/sprites/black-white/back-shiny/victreebel.png
tentacool,water,poison,clear-body,335,Drifts in shallow seas. Anglers who hook them by accident are often punished by its stinging acid.,https://img.pokemondb.net/sprites/black-white/normal/tentacool.png,https://img.pokemondb.net/sprites/black-white/shiny/tentacool.png,https://img.pokemondb.net/sprites/black-white/back-normal/tentacool.png,https://img.pokemondb.net/sprites/black-white/back-shiny/tentacool.png
tentacruel,water,poison,clear-body,515,"The tentacles are normally kept short. On hunts, they are extended to ensnare and immobilize prey.",https://img.pokemondb.net/sprites/black-white/normal/tentacruel.png,https://img.pokemondb.net/sprites/black-white/shiny/tentacruel.png,https://img.pokemondb.net/sprites/black-white/back-normal/tentacruel.png,https://img.pokemondb.net/sprites/black-white/back-shiny/tentacruel.png
geodude,rock,ground,rock-head,300,"Found in fields and mountains. Mistaking them for boulders, people often step or trip on them.",https://img.pokemondb.net/sprites/black-white/normal/geodude.png,https://img.pokemondb.net/sprites/black-white/shiny/geodude.png,https://img.pokemondb.net/sprites/black-white/back-normal/geodude.png,https://img.pokemondb.net/sprites/black-white/back-shiny/geodude.png
graveler,rock,ground,rock-head,390,Rolls down slopes to move. It rolls over any obstacle without slowing or changing its direction.,https://img.pokemondb.net/sprites/black-white/normal/graveler.png,https://img.pokemondb.net/sprites/black-white/shiny/graveler.png,https://img.pokemondb.net/sprites/black-white/back-normal/graveler.png,https://img.pokemondb.net/sprites/black-white/back-shiny/graveler.png
golem,rock,ground,rock-head,495,Its boulder-like body is extremely hard. It can easily withstand dynamite blasts without damage.,https://img.pokemondb.net/sprites/black-white/normal/golem.png,https://img.pokemondb.net/sprites/black-white/shiny/golem.png,https://img.pokemondb.net/sprites/black-white/back-normal/golem.png,https://img.pokemondb.net/sprites/black-white/back-shiny/golem.png
ponyta,fire,,run-away,410,Its hooves are 10 times harder than diamonds. It can trample anything completely flat in little time.,https://img.pokemondb.net/sprites/black-white/normal/ponyta.png,https://img.pokemondb.net/sprites/black-white/shiny/ponyta.png,https://img.pokemondb.net/sprites/black-white/back-normal/ponyta.png,https://img.pokemondb.net/sprites/black-white/back-shiny/ponyta.png
rapidash,fire,,run-away,500,"Very competitive, this POKéMON will chase anything that moves fast in the hopes of racing it.",https://img.pokemondb.net/sprites/black-white/normal/rapidash.png,https://img.pokemondb.net/sprites/black-white/shiny/rapidash.png,https://img.pokemondb.net/sprites/black-white/back-normal/rapidash.png,https://img.pokemondb.net/sprites/black-white/back-shiny/rapidash.png
slowpoke,water,psychic,oblivious,315,Incredibly slow and dopey. It takes 5 seconds for it to feel pain when under attack.,https://img.pokemondb.net/sprites/black-white/normal/slowpoke.png,https://img.pokemondb.net/sprites/black-white/shiny/slowpoke.png,https://img.pokemondb.net/sprites/black-white/back-normal/slowpoke.png,https://img.pokemondb.net/sprites/black-white/back-shiny/slowpoke.png
slowbro,water,psychic,oblivious,490,The SHELLDER that is latched onto SLOWPOKE's tail is said to feed on the host's left over scraps.,https://img.pokemondb.net/sprites/black-white/normal/slowbro.png,https://img.pokemondb.net/sprites/black-white/shiny/slowbro.png,https://img.pokemondb.net/sprites/black-white/back-normal/slowbro.png,https://img.pokemondb.net/sprites/black-white/back-shiny/slowbro.png
magnemite,electric,steel,magnet-pull,325,Uses anti-gravity to stay suspended. Appears without warning and uses THUNDER WAVE and similar moves.,https://img.pokemondb.net/sprites/black-white/normal/magnemite.png,https://img.pokemondb.net/sprites/black-white/shiny/magnemite.png,https://img.pokemondb.net/sprites/black-white/back-normal/magnemite.png,https://img.pokemondb.net/sprites/black-white/back-shiny/magnemite.png
magneton,electric,steel,magnet-pull,465,Formed by several MAGNEMITEs linked together. They frequently appear when sunspots flare up.,https://img.pokemondb.net/sprites/black-white/normal/magneton.png,https://img.pokemondb.net/sprites/black-white/shiny/magneton.png,https://img.pokemondb.net/sprites/black-white/back-normal/magneton.png,https://img.pokemondb.net/sprites/black-white/back-shiny/magneton.png
farfetchd,normal,flying,keen-eye,377,The sprig of green onions it holds is its weapon. It is used much like a metal sword.,https://img.pokemondb.net/sprites/black-white/normal/farfetchd.png,https://img.pokemondb.net/sprites/black-white/shiny/farfetchd.png,https://img.pokemondb.net/sprites/black-white/back-normal/farfetchd.png,https://img.pokemondb.net/sprites/black-white/back-shiny/farfetchd.png
doduo,normal,flying,run-away,310,A bird that makes up for its poor flying with its fast foot speed. Leaves giant footprints.,https://img.pokemondb.net/sprites/black-white/normal/doduo.png,https://img.pokemondb.net/sprites/black-white/shiny/doduo.png,https://img.pokemondb.net/sprites/black-white/back-normal/doduo.png,https://img.pokemondb.net/sprites/black-white/back-shiny/doduo.png
dodrio,normal,flying,run-away,470,"Uses its three brains to execute complex plans. While two heads sleep, one head stays awake.",https://img.pokemondb.net/sprites/black-white/normal/dodrio.png,https://img.pokemondb.net/sprites/black-white/shiny/dodrio.png,https://img.pokemondb.net/sprites/black-white/back-normal/dodrio.png,https://img.pokemondb.net/sprites/black-white/back-shiny/dodrio.png
seel,water,,thick-fat,325,The protruding horn on its head is very hard. It is used for bashing through thick ice.,https://img.pokemondb.net/sprites/black-white/normal/seel.png,https://img.pokemondb.net/sprites/black-white/shiny/seel.png,https://img.pokemondb.net/sprites/black-white/back-normal/seel.png,https://img.pokemondb.net/sprites/black-white/back-shiny/seel.png
dewgong,water,ice,thick-fat,475,Stores thermal energy in its body. Swims at a steady 8 knots even in intensely cold waters.,https://img.pokemondb.net/sprites/black-white/normal/dewgong.png,https://img.pokemondb.net/sprites/black-white/shiny/dewgong.png,https://img.pokemondb.net/sprites/black-white/back-normal/dewgong.png,https://img.pokemondb.net/sprites/black-white/back-shiny/dewgong.png
grimer,poison,,stench,325,Appears in filthy areas. Thrives by sucking up polluted sludge that is pumped out of factories.,https://img.pokemondb.net/sprites/black-white/normal/grimer.png,https://img.pokemondb.net/sprites/black-white/shiny/grimer.png,https://img.pokemondb.net/sprites/black-white/back-normal/grimer.png,https://img.pokemondb.net/sprites/black-white/back-shiny/grimer.png
muk,poison,,stench,500,"Thickly covered with a filthy, vile sludge. It is so toxic, even its footprints contain poison.",https://img.pokemondb.net/sprites/black-white/normal/muk.png,https://img.pokemondb.net/sprites/black-white/shiny/muk.png,https://img.pokemondb.net/sprites/black-white/back-normal/muk.png,https://img.pokemondb.net/sprites/black-white/back-shiny/muk.png
shellder,water,,shell-armor,305,Its hard shell repels any kind of attack. It is vulnerable only when its shell is open.,https://img.pokemondb.net/sprites/black-white/normal/shellder.png,https://img.pokemondb.net/sprites/black-white/shiny/shellder.png,https://img.pokemondb.net/sprites/black-white/back-normal/shellder.png,https://img.pokemondb.net/sprites/black-white/back-shiny/shellder.png
cloyster,water,ice,shell-armor,525,"When attacked, it launches its horns in quick volleys. Its innards have never been seen.",https://img.pokemondb.net/sprites/black-white/normal/cloyster.png,https://img.pokemondb.net/sprites/black-white/shiny/cloyster.png,https://img.pokemondb.net/sprites/black-white/back-normal/cloyster.png,https://img.pokemondb.net/sprites/black-white/back-shiny/cloyster.png
gastly,ghost,poison,levitate,310,"Almost invisible, this gaseous POKéMON cloaks the target and puts it to sleep without notice.",https://img.pokemondb.net/sprites/black-white/normal/gastly.png,https://img.pokemondb.net/sprites/black-white/shiny/gastly.png,https://img.pokemondb.net/sprites/black-white/back-normal/gastly.png,https://img.pokemondb.net/sprites/black-white/back-shiny/gastly.png
haunter,ghost,poison,levitate,405,"Because of its ability to slip through block walls, it is said to be from an­ other dimension.",https://img.pokemondb.net/sprites/black-white/normal/haunter.png,https://img.pokemondb.net/sprites/black-white/shiny/haunter.png,https://img.pokemondb.net/sprites/black-white/back-normal/haunter.png,https://img.pokemondb.net/sprites/black-white/back-shiny/haunter.png
gengar,ghost,poison,cursed-body,500,"Under a full moon, this POKéMON likes to mimic the shadows of people and laugh at their fright.",https://img.pokemondb.net/sprites/black-white/normal/gengar.png,https://img.pokemondb.net/sprites/black-white/shiny/gengar.png,https://img.pokemondb.net/sprites/black-white/back-normal/gengar.png,https://img.pokemondb.net/sprites/black-white/back-shiny/gengar.png
onix,rock,ground,rock-head,385,"As it grows, the stone portions of its body harden to become similar to a diamond, but colored black.",https://img.pokemondb.net/sprites/black-white/normal/onix.png,https://img.pokemondb.net/sprites/black-white/shiny/onix.png,https://img.pokemondb.net/sprites/black-white/back-normal/onix.png,https://img.pokemondb.net/sprites/black-white/back-shiny/onix.png
drowzee,psychic,,insomnia,328,Puts enemies to sleep then eats their dreams. Occasionally gets sick from eating bad dreams.,https://img.pokemondb.net/sprites/black-white/normal/drowzee.png,https://img.pokemondb.net/sprites/black-white/shiny/drowzee.png,https://img.pokemondb.net/sprites/black-white/back-normal/drowzee.png,https://img.pokemondb.net/sprites/black-white/back-shiny/drowzee.png
hypno,psychic,,insomnia,483,"When it locks eyes with an enemy, it will use a mix of PSI moves such as HYPNOSIS and CONFUSION.",https://img.pokemondb.net/sprites/black-white/normal/hypno.png,https://img.pokemondb.net/sprites/black-white/shiny/hypno.png,https://img.pokemondb.net/sprites/black-white/back-normal/hypno.png,https://img.pokemondb.net/sprites/black-white/back-shiny/hypno.png
krabby,water,,hyper-cutter,325,"Its pincers are not only powerful weapons, they are used for balance when walking sideways.",https://img.pokemondb.net/sprites/black-white/normal/krabby.png,https://img.pokemondb.net/sprites/black-white/shiny/krabby.png,https://img.pokemondb.net/sprites/black-white/back-normal/krabby.png,https://img.pokemondb.net/sprites/black-white/back-shiny/krabby.png
kingler,water,,hyper-cutter,475,"The large pincer has 10000 hp of crushing power. However, its huge size makes it unwieldy to use.",https://img.pokemondb.net/sprites/black-white/normal/kingler.png,https://img.pokemondb.net/sprites/black-white/shiny/kingler.png,https://img.pokemondb.net/sprites/black-white/back-normal/kingler.png,https://img.pokemondb.net/sprites/black-white/back-shiny/kingler.png
voltorb,electric,,soundproof,330,"Usually found in power plants. Easily mistaken for a POKé BALL, they have zapped many people.",https://img.pokemondb.net/sprites/black-white/normal/voltorb.png,https://img.pokemondb.net/sprites/black-white/shiny/voltorb.png,https://img.pokemondb.net/sprites/black-white/back-normal/voltorb.png,https://img.pokemondb.net/sprites/black-white/back-shiny/voltorb.png
electrode,electric,,soundproof,490,It stores electric energy under very high pressure. It often explodes with little or no provocation.,https://img.pokemondb.net/sprites/black-white/normal/electrode.png,https://img.pokemondb.net/sprites/black-white/shiny/electrode.png,https://img.pokemondb.net/sprites/black-white/back-normal/electrode.png,https://img.pokemondb.net/sprites/black-white/back-shiny/electrode.png
exeggcute,grass,psychic,chlorophyll,325,"Often mistaken for eggs. When disturbed, they quickly gather and attack in swarms.",https://img.pokemondb.net/sprites/black-white/normal/exeggcute.png,https://img.pokemondb.net/sprites/black-white/shiny/exeggcute.png,https://img.pokemondb.net/sprites/black-white/back-normal/exeggcute.png,https://img.pokemondb.net/sprites/black-white/back-shiny/exeggcute.png
exeggutor,grass,psychic,chlorophyll,530,"Legend has it that on rare occasions, one of its heads will drop off and continue on as an EXEGGCUTE.",https://img.pokemondb.net/sprites/black-white/normal/exeggutor.png,https://img.pokemondb.net/sprites/black-white/shiny/exeggutor.png,https://img.pokemondb.net/sprites/black-white/back-normal/exeggutor.png,https://img.pokemondb.net/sprites/black-white/back-shiny/exeggutor.png
cubone,ground,,rock-head,320,"Because it never removes its skull helmet, no one has ever seen this POKéMON's real face.",https://img.pokemondb.net/sprites/black-white/normal/cubone.png,https://img.pokemondb.net/sprites/black-white/shiny/cubone.png,https://img.pokemondb.net/sprites/black-white/back-normal/cubone.png,https://img.pokemondb.net/sprites/black-white/back-shiny/cubone.png
marowak,ground,,rock-head,425,The bone it holds is its key weapon. It throws the bone skillfully like a boomerang to KO targets.,https://img.pokemondb.net/sprites/black-white/normal/marowak.png,https://img.pokemondb.net/sprites/black-white/shiny/marowak.png,https://img.pokemondb.net/sprites/black-white/back-normal/marowak.png,https://img.pokemondb.net/sprites/black-white/back-shiny/marowak.png
hitmonlee,fighting,,limber,455,"When in a hurry, its legs lengthen progressively. It runs smoothly with extra long, loping strides.",https://img.pokemondb.net/sprites/black-white/normal/hitmonlee.png,https://img.pokemondb.net/sprites/black-white/shiny/hitmonlee.png,https://img.pokemondb.net/sprites/black-white/back-normal/hitmonlee.png,https://img.pokemondb.net/sprites/black-white/back-shiny/hitmonlee.png
hitmonchan,fighting,,keen-eye,455,"While apparently doing nothing, it fires punches in lightning fast volleys that are impossible to see.",https://img.pokemondb.net/sprites/black-white/normal/hitmonchan.png,https://img.pokemondb.net/sprites/black-white/shiny/hitmonchan.png,https://img.pokemondb.net/sprites/black-white/back-normal/hitmonchan.png,https://img.pokemondb.net/sprites/black-white/back-shiny/hitmonchan.png
lickitung,normal,,own-tempo,385,Its tongue can be extended like a chameleon's. It leaves a tingling sensation when it licks enemies.,https://img.pokemondb.net/sprites/black-white/normal/lickitung.png,https://img.pokemondb.net/sprites/black-white/shiny/lickitung.png,https://img.pokemondb.net/sprites/black-white/back-normal/lickitung.png,https://img.pokemondb.net/sprites/black-white/back-shiny/lickitung.png
koffing,poison,,levitate,340,"Because it stores several kinds of toxic gases in its body, it is prone to exploding without warning.",https://img.pokemondb.net/sprites/black-white/normal/koffing.png,https://img.pokemondb.net/sprites/black-white/shiny/koffing.png,https://img.pokemondb.net/sprites/black-white/back-normal/koffing.png,https://img.pokemondb.net/sprites/black-white/back-shiny/koffing.png
weezing,poison,,levitate,490,"Where two kinds of poison gases meet, 2 KOFFINGs can fuse into a WEEZING over many years.",https://img.pokemondb.net/sprites/black-white/normal/weezing.png,https://img.pokemondb.net/sprites/black-white/shiny/weezing.png,https://img.pokemondb.net/sprites/black-white/back-normal/weezing.png,https://img.pokemondb.net/sprites/black-white/back-shiny/weezing.png
rhyhorn,ground,rock,lightning-rod,345,"A POKéMON with a one-track mind. Once it charges,  it won't stop running until it falls asleep.",https://img.pokemondb.net/sprites/black-white/normal/rhyhorn.png,https://img.pokemondb.net/sprites/black-white/shiny/rhyhorn.png,https://img.pokemondb.net/sprites/black-white/back-normal/rhyhorn.png,https://img.pokemondb.net/sprites/black-white/back-shiny/rhyhorn.png
rhydon,ground,rock,lightning-rod,485,"Protected by an armor-like hide, it is capable of living in molten lava of 3,600 degrees.",https://img.pokemondb.net/sprites/black-white/normal/rhydon.png,https://img.pokemondb.net/sprites/black-white/shiny/rhydon.png,https://img.pokemondb.net/sprites/black-white/back-normal/rhydon.png,https://img.pokemondb.net/sprites/black-white/back-shiny/rhydon.png
chansey,normal,,natural-cure,450,A rare and elusive POKéMON that is said to bring happiness to those who manage to get it.,https://img.pokemondb.net/sprites/black-white/normal/chansey.png,https://img.pokemondb.net/sprites/black-white/shiny/chansey.png,https://img.pokemondb.net/sprites/black-white/back-normal/chansey.png,https://img.pokemondb.net/sprites/black-white/back-shiny/chansey.png
tangela,grass,,chlorophyll,435,The whole body is swathed with wide vines that are similar to sea­ weed. Its vines shake as it walks.,https://img.pokemondb.net/sprites/black-white/normal/tangela.png,https://img.pokemondb.net/sprites/black-white/shiny/tangela.png,https://img.pokemondb.net/sprites/black-white/back-normal/tangela.png,https://img.pokemondb.net/sprites/black-white/back-shiny/tangela.png
kangaskhan,normal,,early-bird,490,The infant rarely ventures out of its mother's protective pouch until it is 3 years old.,https://img.pokemondb.net/sprites/black-white/normal/kangaskhan.png,https://img.pokemondb.net/sprites/black-white/shiny/kangaskhan.png,https://img.pokemondb.net/sprites/black-white/back-normal/kangaskhan.png,https://img.pokemondb.net/sprites/black-white/back-shiny/kangaskhan.png
horsea,water,,swift-swim,295,Known to shoot down flying bugs with precision blasts of ink from the surface of the water.,https://img.pokemondb.net/sprites/black-white/normal/horsea.png,https://img.pokemondb.net/sprites/black-white/shiny/horsea.png,https://img.pokemondb.net/sprites/black-white/back-normal/horsea.png,https://img.pokemondb.net/sprites/black-white/back-shiny/horsea.png
seadra,water,,poison-point,440,Capable of swim­ ming backwards by rapidly flapping its wing-like pectoral fins and stout tail.,https://img.pokemondb.net/sprites/black-white/normal/seadra.png,https://img.pokemondb.net/sprites/black-white/shiny/seadra.png,https://img.pokemondb.net/sprites/black-white/back-normal/seadra.png,https://img.pokemondb.net/sprites/black-white/back-shiny/seadra.png
goldeen,water,,swift-swim,320,"Its tail fin billows like an elegant ballroom dress, giving it the nickname of the Water Queen.",https://img.pokemondb.net/sprites/black-white/normal/goldeen.png,https://img.pokemondb.net/sprites/black-white/shiny/goldeen.png,https://img.pokemondb.net/sprites/black-white/back-normal/goldeen.png,https://img.pokemondb.net/sprites/black-white/back-shiny/goldeen.png
seaking,water,,swift-swim,450,"In the autumn spawning season, they can be seen swimming power­ fully up rivers and creeks.",https://img.pokemondb.net/sprites/black-white/normal/seaking.png,https://img.pokemondb.net/sprites/black-white/shiny/seaking.png,https://img.pokemondb.net/sprites/black-white/back-normal/seaking.png,https://img.pokemondb.net/sprites/black-white/back-shiny/seaking.png
staryu,water,,illuminate,340,An enigmatic POKéMON that can effortlessly regenerate any appendage it loses in battle.,https://img.pokemondb.net/sprites/black-white/normal/staryu.png,https://img.pokemondb.net/sprites/black-white/shiny/staryu.png,https://img.pokemondb.net/sprites/black-white/back-normal/staryu.png,https://img.pokemondb.net/sprites/black-white/back-shiny/staryu.png
starmie,water,psychic,illuminate,520,Its central core glows with the seven colors of the rainbow. Some people value the core as a gem.,https://img.pokemondb.net/sprites/black-white/normal/starmie.png,https://img.pokemondb.net/sprites/black-white/shiny/starmie.png,https://img.pokemondb.net/sprites/black-white/back-normal/starmie.png,https://img.pokemondb.net/sprites/black-white/back-shiny/starmie.png
mr-mime,psychic,fairy,soundproof,460,"If interrupted while it is miming, it will slap around the offender with its broad hands.",https://img.pokemondb.net/sprites/black-white/normal/mr-mime.png,https://img.pokemondb.net/sprites/black-white/shiny/mr-mime.png,https://img.pokemondb.net/sprites/black-white/back-normal/mr-mime.png,https://img.pokemondb.net/sprites/black-white/back-shiny/mr-mime.png
scyther,bug,flying,swarm,500,"With ninja-like agility and speed, it can create the illusion that there is more than one.",https://img.pokemondb.net/sprites/black-white/normal/scyther.png,https://img.pokemondb.net/sprites/black-white/shiny/scyther.png,https://img.pokemondb.net/sprites/black-white/back-normal/scyther.png,https://img.pokemondb.net/sprites/black-white/back-shiny/scyther.png
jynx,ice,psychic,oblivious,455,It seductively wiggles its hips as it walks. It can cause people to dance in unison with it.,https://img.pokemondb.net/sprites/black-white/normal/jynx.png,https://img.pokemondb.net/sprites/black-white/shiny/jynx.png,https://img.pokemondb.net/sprites/black-white/back-normal/jynx.png,https://img.pokemondb.net/sprites/black-white/back-shiny/jynx.png
electabuzz,electric,,static,490,"Normally found near power plants, they can wander away and cause major blackouts in cities.",https://img.pokemondb.net/sprites/black-white/normal/electabuzz.png,https://img.pokemondb.net/sprites/black-white/shiny/electabuzz.png,https://img.pokemondb.net/sprites/black-white/back-normal/electabuzz.png,https://img.pokemondb.net/sprites/black-white/back-shiny/electabuzz.png
magmar,fire,,flame-body,495,Its body always burns with an orange glow that enables it to hide perfectly among flames.,https://img.pokemondb.net/sprites/black-white/normal/magmar.png,https://img.pokemondb.net/sprites/black-white/shiny/magmar.png,https://img.pokemondb.net/sprites/black-white/back-normal/magmar.png,https://img.pokemondb.net/sprites/black-white/back-shiny/magmar.png
pinsir,bug,,hyper-cutter,500,"If it fails to crush the victim in its pincers, it will swing it around and toss it hard.",https://img.pokemondb.net/sprites/black-white/normal/pinsir.png,https://img.pokemondb.net/sprites/black-white/shiny/pinsir.png,https://img.pokemondb.net/sprites/black-white/back-normal/pinsir.png,https://img.pokemondb.net/sprites/black-white/back-shiny/pinsir.png
tauros,normal,,intimidate,490,"When it targets an enemy, it charges furiously while whipping its body with its long tails.",https://img.pokemondb.net/sprites/black-white/normal/tauros.png,https://img.pokemondb.net/sprites/black-white/shiny/tauros.png,https://img.pokemondb.net/sprites/black-white/back-normal/tauros.png,https://img.pokemondb.net/sprites/black-white/back-shiny/tauros.png
magikarp,water,,swift-swim,200,"In the distant past, it was somewhat stronger than the horribly weak descendants that exist today.",https://img.pokemondb.net/sprites/black-white/normal/magikarp.png,https://img.pokemondb.net/sprites/black-white/shiny/magikarp.png,https://img.pokemondb.net/sprites/black-white/back-normal/magikarp.png,https://img.pokemondb.net/sprites/black-white/back-shiny/magikarp.png
gyarados,water,flying,intimidate,540,"Rarely seen in the wild. Huge and vicious, it is capable of destroying entire cities in a rage.",https://img.pokemondb.net/sprites/black-white/normal/gyarados.png,https://img.pokemondb.net/sprites/black-white/shiny/gyarados.png,https://img.pokemondb.net/sprites/black-white/back-normal/gyarados.png,https://img.pokemondb.net/sprites/black-white/back-shiny/gyarados.png
lapras,water,ice,water-absorb,535,A POKéMON that has been over­ hunted almost to extinction. It can ferry people across the water.,https://img.pokemondb.net/sprites/black-white/normal/lapras.png,https://img.pokemondb.net/sprites/black-white/shiny/lapras.png,https://img.pokemondb.net/sprites/black-white/back-normal/lapras.png,https://img.pokemondb.net/sprites/black-white/back-shiny/lapras.png
ditto,normal,,limber,288,Capable of copying an enemy's genetic code to instantly transform itself into a duplicate of the enemy.,https://img.pokemondb.net/sprites/black-white/normal/ditto.png,https://img.pokemondb.net/sprites/black-white/shiny/ditto.png,https://img.pokemondb.net/sprites/black-white/back-normal/ditto.png,https://img.pokemondb.net/sprites/black-white/back-shiny/ditto.png
eevee,normal,,run-away,325,Its genetic code is irregular. It may mutate if it is exposed to radiation from element STONEs.,https://img.pokemondb.net/sprites/black-white/normal/eevee.png,https://img.pokemondb.net/sprites/black-white/shiny/eevee.png,https://img.pokemondb.net/sprites/black-white/back-normal/eevee.png,https://img.pokemondb.net/sprites/black-white/back-shiny/eevee.png
vaporeon,water,,water-absorb,525,Lives close to water. Its long tail is ridged with a fin which is often mistaken for a mermaid's.,https://img.pokemondb.net/sprites/black-white/normal/vaporeon.png,https://img.pokemondb.net/sprites/black-white/shiny/vaporeon.png,https://img.pokemondb.net/sprites/black-white/back-normal/vaporeon.png,https://img.pokemondb.net/sprites/black-white/back-shiny/vaporeon.png
jolteon,electric,,volt-absorb,525,It accumulates negative ions in the atmosphere to blast out 10000- volt lightning bolts.,https://img.pokemondb.net/sprites/black-white/normal/jolteon.png,https://img.pokemondb.net/sprites/black-white/shiny/jolteon.png,https://img.pokemondb.net/sprites/black-white/back-normal/jolteon.png,https://img.pokemondb.net/sprites/black-white/back-shiny/jolteon.png
flareon,fire,,flash-fire,525,"When storing thermal energy in its body, its temperature could soar to over 1600 degrees.",https://img.pokemondb.net/sprites/black-white/normal/flareon.png,https://img.pokemondb.net/sprites/black-white/shiny/flareon.png,https://img.pokemondb.net/sprites/black-white/back-normal/flareon.png,https://img.pokemondb.net/sprites/black-white/back-shiny/flareon.png
porygon,normal,,trace,395,A POKéMON that consists entirely of programming code. Capable of moving freely in cyberspace.,https://img.pokemondb.net/sprites/black-white/normal/porygon.png,https://img.pokemondb.net/sprites/black-white/shiny/porygon.png,https://img.pokemondb.net/sprites/black-white/back-normal/porygon.png,https://img.pokemondb.net/sprites/black-white/back-shiny/porygon.png
omanyte,rock,water,swift-swim,355,"Although long extinct, in rare cases, it can be genetically resurrected from fossils.",https://img.pokemondb.net/sprites/black-white/normal/omanyte.png,https://img.pokemondb.net/sprites/black-white/shiny/omanyte.png,https://img.pokemondb.net/sprites/black-white/back-normal/omanyte.png,https://img.pokemondb.net/sprites/black-white/back-shiny/omanyte.png
omastar,rock,water,swift-swim,495,A prehistoric POKéMON that died out when its heavy shell made it impossible to catch prey.,https://img.pokemondb.net/sprites/black-white/normal/omastar.png,https://img.pokemondb.net/sprites/black-white/shiny/omastar.png,https://img.pokemondb.net/sprites/black-white/back-normal/omastar.png,https://img.pokemondb.net/sprites/black-white/back-shiny/omastar.png
kabuto,rock,water,swift-swim,355,A POKéMON that was resurrected from a fossil found in what was once the ocean floor eons ago.,https://img.pokemondb.net/sprites/black-white/normal/kabuto.png,https://img.pokemondb.net/sprites/black-white/shiny/kabuto.png,https://img.pokemondb.net/sprites/black-white/back-normal/kabuto.png,https://img.pokemondb.net/sprites/black-white/back-shiny/kabuto.png
kabutops,rock,water,swift-swim,495,Its sleek shape is perfect for swim­ ming. It slashes prey with its claws and drains the body fluids.,https://img.pokemondb.net/sprites/black-white/normal/kabutops.png,https://img.pokemondb.net/sprites/black-white/shiny/kabutops.png,https://img.pokemondb.net/sprites/black-white/back-normal/kabutops.png,https://img.pokemondb.net/sprites/black-white/back-shiny/kabutops.png
aerodactyl,rock,flying,rock-head,515,"A ferocious, pre­ historic POKéMON that goes for the enemy's throat with its serrated saw-like fangs.",https://img.pokemondb.net/sprites/black-white/normal/aerodactyl.png,https://img.pokemondb.net/sprites/black-white/shiny/aerodactyl.png,https://img.pokemondb.net/sprites/black-white/back-normal/aerodactyl.png,https://img.pokemondb.net/sprites/black-white/back-shiny/aerodactyl.png
snorlax,normal,,immunity,540,"Very lazy. Just eats and sleeps. As its rotund bulk builds, it becomes steadily more slothful.",https://img.pokemondb.net/sprites/black-white/normal/snorlax.png,https://img.pokemondb.net/sprites/black-white/shiny/snorlax.png,https://img.pokemondb.net/sprites/black-white/back-normal/snorlax.png,https://img.pokemondb.net/sprites/black-white/back-shiny/snorlax.png
articuno,ice,flying,pressure,580,A legendary bird POKéMON that is said to appear to doomed people who are lost in icy mountains.,https://img.pokemondb.net/sprites/black-white/normal/articuno.png,https://img.pokemondb.net/sprites/black-white/shiny/articuno.png,https://img.pokemondb.net/sprites/black-white/back-normal/articuno.png,https://img.pokemondb.net/sprites/black-white/back-shiny/articuno.png
zapdos,electric,flying,pressure,580,A legendary bird POKéMON that is said to appear from clouds while dropping enormous lightning bolts.,https://img.pokemondb.net/sprites/black-white/normal/zapdos.png,https://img.pokemondb.net/sprites/black-white/shiny/zapdos.png,https://img.pokemondb.net/sprites/black-white/back-normal/zapdos.png,https://img.pokemondb.net/sprites/black-white/back-shiny/zapdos.png
moltres,fire,flying,pressure,580,Known as the legendary bird of fire. Every flap of its wings creates a dazzling flash of flames.,https://img.pokemondb.net/sprites/black-white/normal/moltres.png,https://img.pokemondb.net/sprites/black-white/shiny/moltres.png,https://img.pokemondb.net/sprites/black-white/back-normal/moltres.png,https://img.pokemondb.net/sprites/black-white/back-shiny/moltres.png
dratini,dragon,,shed-skin,300,Long considered a mythical POKéMON until recently when a small colony was found living underwater.,https://img.pokemondb.net/sprites/black-white/normal/dratini.png,https://img.pokemondb.net/sprites/black-white/shiny/dratini.png,https://img.pokemondb.net/sprites/black-white/back-normal/dratini.png,https://img.pokemondb.net/sprites/black-white/back-shiny/dratini.png
dragonair,dragon,,shed-skin,420,A mystical POKéMON that exudes a gentle aura. Has the ability to change climate conditions.,https://img.pokemondb.net/sprites/black-white/normal/dragonair.png,https://img.pokemondb.net/sprites/black-white/shiny/dragonair.png,https://img.pokemondb.net/sprites/black-white/back-normal/dragonair.png,https://img.pokemondb.net/sprites/black-white/back-shiny/dragonair.png
dragonite,dragon,flying,inner-focus,600,An extremely rarely seen marine POKéMON. Its intelligence is said to match that of humans.,https://img.pokemondb.net/sprites/black-white/normal/dragonite.png,https://img.pokemondb.net/sprites/black-white/shiny/dragonite.png,https://img.pokemondb.net/sprites/black-white/back-normal/dragonite.png,https://img.pokemondb.net/sprites/black-white/back-shiny/dragonite.png
mewtwo,psychic,,pressure,680,It was created by a scientist after years of horrific gene splicing and DNA engineering experiments.,https://img.pokemondb.net/sprites/black-white/normal/mewtwo.png,https://img.pokemondb.net/sprites/black-white/shiny/mewtwo.png,https://img.pokemondb.net/sprites/black-white/back-normal/mewtwo.png,https://img.pokemondb.net/sprites/black-white/back-shiny/mewtwo.png
mew,psychic,,synchronize,600,So rare that it is still said to be a mirage by many experts. Only a few people have seen it worldwide.,https://img.pokemondb.net/sprites/black-white/normal/mew.png,https://img.pokemondb.net/sprites/black-white/shiny/mew.png,https://img.pokemondb.net/sprites/black-white/back-normal/mew.png,https://img.pokemondb.net/sprites/black-white/back-shiny/mew.png
