id,name,type_1,type_2,ability,sprite_regular,sprite_shiny
63,Abra,Psychic,,Synchronize,https://raw.githubusercontent.com/PokeAPI/sprites/master/sprites/pokemon/versions/generation-v/black-white/63.png,https://raw.githubusercontent.com/PokeAPI/sprites/master/sprites/pokemon/versions/generation-v/black-white/shiny/63.png
142,Aerodactyl,Rock,Flying,Rock Head,https://raw.githubusercontent.com/PokeAPI/sprites/master/sprites/pokemon/versions/generation-v/black-white/142.png,https://raw.githubusercontent.com/PokeAPI/sprites/master/sprites/pokemon/versions/generation-v/black-white/shiny/142.png
65,Alakazam,Psychic,,Synchronize,https://raw.githubusercontent.com/PokeAPI/sprites/master/sprites/pokemon/versions/generation-v/black-white/65.png,https://raw.githubusercontent.com/PokeAPI/sprites/master/sprites/pokemon/versions/generation-v/black-white/shiny/65.png
24,Arbok,Poison,,Intimidate,https://raw.githubusercontent.com/PokeAPI/sprites/master/sprites/pokemon/versions/generation-v/black-white/24.png,https://raw.githubusercontent.com/PokeAPI/sprites/master/sprites/pokemon/versions/generation-v/black-white/shiny/24.png
59,Arcanine,Fire,,Intimidate,https://raw.githubusercontent.com/PokeAPI/sprites/master/sprites/pokemon/versions/generation-v/black-white/59.png,https://raw.githubusercontent.com/PokeAPI/sprites/master/sprites/pokemon/versions/generation-v/black-white/shiny/59.png
144,Articuno,Ice,Flying,Pressure,https://raw.githubusercontent.com/PokeAPI/sprites/master/sprites/pokemon/versions/generation-v/black-white/144.png,https://raw.githubusercontent.com/PokeAPI/sprites/master/sprites/pokemon/versions/generation-v/black-white/shiny/144.png
15,Beedrill,Bug,Poison,Swarm,https://raw.githubusercontent.com/PokeAPI/sprites/master/sprites/pokemon/versions/generation-v/black-white/15.png,https://raw.githubusercontent.com/PokeAPI/sprites/master/sprites/pokemon/versions/generation-v/black-white/shiny/15.png
69,Bellsprout,Grass,Poison,Chlorophyll,https://raw.githubusercontent.com/PokeAPI/sprites/master/sprites/pokemon/versions/generation-v/black-white/69.png,https://raw.githubusercontent.com/PokeAPI/sprites/master/sprites/pokemon/versions/generation-v/black-white/shiny/69.png
9,Blastoise,Water,,Torrent,https://raw.githubusercontent.com/PokeAPI/sprites/master/sprites/pokemon/versions/generation-v/black-white/9.png,https://raw.githubusercontent.com/PokeAPI/sprites/master/sprites/pokemon/versions/generation-v/black-white/shiny/9.png
1,Bulbasaur,Grass,Poison,Overgrow,https://raw.githubusercontent.com/PokeAPI/sprites/master/sprites/pokemon/versions/generation-v/black-white/1.png,https://raw.githubusercontent.com/PokeAPI/sprites/master/sprites/pokemon/versions/generation-v/black-white/shiny/1.png
12,Butterfree,Bug,Flying,Compound Eyes,https://raw.githubusercontent.com/PokeAPI/sprites/master/sprites/pokemon/versions/generation-v/black-white/12.png,https://raw.githubusercontent.com/PokeAPI/sprites/master/sprites/pokemon/versions/generation-v/black-white/shiny/12.png
10,Caterpie,Bug,,Shield Dust,https://raw.githubusercontent.com/PokeAPI/sprites/master/sprites/pokemon/versions/generation-v/black-white/10.png,https://raw.githubusercontent.com/PokeAPI/sprites/master/sprites/pokemon/versions/generation-v/black-white/shiny/10.png
113,Chansey,Normal,,Natural Cure,https://raw.githubusercontent.com/PokeAPI/sprites/master/sprites/pokemon/versions/generation-v/black-white/113.png,https://raw.githubusercontent.com/PokeAPI/sprites/master/sprites/pokemon/versions/generation-v/black-white/shiny/113.png
6,Charizard,Fire,Flying,Blaze,https://raw.githubusercontent.com/PokeAPI/sprites/master/sprites/pokemon/versions/generation-v/black-white/6.png,https://raw.githubusercontent.com/PokeAPI/sprites/master/sprites/pokemon/versions/generation-v/black-white/shiny/6.png
4,Charmander,Fire,,Blaze,https://raw.githubusercontent.com/PokeAPI/sprites/master/sprites/pokemon/versions/generation-v/black-white/4.png,https://raw.githubusercontent.com/PokeAPI/sprites/master/sprites/pokemon/versions/generation-v/black-white/shiny/4.png
5,Charmeleon,Fire,,Blaze,https://raw.githubusercontent.com/PokeAPI/sprites/master/sprites/pokemon/versions/generation-v/black-white/5.png,https://raw.githubusercontent.com/PokeAPI/sprites/master/sprites/pokemon/versions/generation-v/black-white/shiny/5.png
36,Clefable,Fairy,,Cute Charm,https://raw.githubusercontent.com/PokeAPI/sprites/master/sprites/pokemon/versions/generation-v/black-white/36.png,https://raw.githubusercontent.com/PokeAPI/sprites/master/sprites/pokemon/versions/generation-v/black-white/shiny/36.png
35,Clefairy,Fairy,,Cute Charm,https://raw.githubusercontent.com/PokeAPI/sprites/master/sprites/pokemon/versions/generation-v/black-white/35.png,https://raw.githubusercontent.com/PokeAPI/sprites/master/sprites/pokemon/versions/generation-v/black-white/shiny/35.png
91,Cloyster,Water,Ice,Shell Armor,https://raw.githubusercontent.com/PokeAPI/sprites/master/sprites/pokemon/versions/generation-v/black-white/91.png,https://raw.githubusercontent.com/PokeAPI/sprites/master/sprites/pokemon/versions/generation-v/black-white/shiny/91.png
104,Cubone,Ground,,Rock Head,https://raw.githubusercontent.com/PokeAPI/sprites/master/sprites/pokemon/versions/generation-v/black-white/104.png,https://raw.githubusercontent.com/PokeAPI/sprites/master/sprites/pokemon/versions/generation-v/black-white/shiny/104.png
87,Dewgong,Water,Ice,Thick Fat,https://raw.githubusercontent.com/PokeAPI/sprites/master/sprites/pokemon/versions/generation-v/black-white/87.png,https://raw.githubusercontent.com/PokeAPI/sprites/master/sprites/pokemon/versions/generation-v/black-white/shiny/87.png
50,Diglett,Ground,,Sand Veil,https://raw.githubusercontent.com/PokeAPI/sprites/master/sprites/pokemon/versions/generation-v/black-white/50.png,https://raw.githubusercontent.com/PokeAPI/sprites/master/sprites/pokemon/versions/generation-v/black-white/shiny/50.png
132,Ditto,Normal,,Limber,https://raw.githubusercontent.com/PokeAPI/sprites/master/sprites/pokemon/versions/generation-v/black-white/132.png,https://raw.githubusercontent.com/PokeAPI/sprites/master/sprites/pokemon/versions/generation-v/black-white/shiny/132.png
85,Dodrio,Normal,Flying,Run Away,https://raw.githubusercontent.com/PokeAPI/sprites/master/sprites/pokemon/versions/generation-v/black-white/85.png,https://raw.githubusercontent.com/PokeAPI/sprites/master/sprites/pokemon/versions/generation-v/black-white/shiny/85.png
84,Doduo,Normal,Flying,Run Away,https://raw.githubusercontent.com/PokeAPI/sprites/master/sprites/pokemon/versions/generation-v/black-white/84.png,https://raw.githubusercontent.com/PokeAPI/sprites/master/sprites/pokemon/versions/generation-v/black-white/shiny/84.png
148,Dragonair,Dragon,,Shed Skin,https://raw.githubusercontent.com/PokeAPI/sprites/master/sprites/pokemon/versions/generation-v/black-white/148.png,https://raw.githubusercontent.com/PokeAPI/sprites/master/sprites/pokemon/versions/generation-v/black-white/shiny/148.png
149,Dragonite,Dragon,Flying,Inner Focus,https://raw.githubusercontent.com/PokeAPI/sprites/master/sprites/pokemon/versions/generation-v/black-white/149.png,https://raw.githubusercontent.com/PokeAPI/sprites/master/sprites/pokemon/versions/generation-v/black-white/shiny/149.png
147,Dratini,Dragon,,Shed Skin,https://raw.githubusercontent.com/PokeAPI/sprites/master/sprites/pokemon/versions/generation-v/black-white/147.png,https://raw.githubusercontent.com/PokeAPI/sprites/master/sprites/pokemon/versions/generation-v/black-white/shiny/147.png
96,Drowzee,Psychic,,Insomnia,https://raw.githubusercontent.com/PokeAPI/sprites/master/sprites/pokemon/versions/generation-v/black-white/96.png,https://raw.githubusercontent.com/PokeAPI/sprites/master/sprites/pokemon/versions/generation-v/black-white/shiny/96.png
51,Dugtrio,Ground,,Sand Veil,https://raw.githubusercontent.com/PokeAPI/sprites/master/sprites/pokemon/versions/generation-v/black-white/51.png,https://raw.githubusercontent.com/PokeAPI/sprites/master/sprites/pokemon/versions/generation-v/black-white/shiny/51.png
133,Eevee,Normal,,Run Away,https://raw.githubusercontent.com/PokeAPI/sprites/master/sprites/pokemon/versions/generation-v/black-white/133.png,https://raw.githubusercontent.com/PokeAPI/sprites/master/sprites/pokemon/versions/generation-v/black-white/shiny/133.png
23,Ekans,Poison,,Intimidate,https://raw.githubusercontent.com/PokeAPI/sprites/master/sprites/pokemon/versions/generation-v/black-white/23.png,https://raw.githubusercontent.com/PokeAPI/sprites/master/sprites/pokemon/versions/generation-v/black-white/shiny/23.png
125,Electabuzz,Electric,,Static,https://raw.githubusercontent.com/PokeAPI/sprites/master/sprites/pokemon/versions/generation-v/black-white/125.png,https://raw.githubusercontent.com/PokeAPI/sprites/master/sprites/pokemon/versions/generation-v/black-white/shiny/125.png
101,Electrode,Electric,,Soundproof,https://raw.githubusercontent.com/PokeAPI/sprites/master/sprites/pokemon/versions/generation-v/black-white/101.png,https://raw.githubusercontent.com/PokeAPI/sprites/master/sprites/pokemon/versions/generation-v/black-white/shiny/101.png
102,Exeggcute,Grass,Psychic,Chlorophyll,https://raw.githubusercontent.com/PokeAPI/sprites/master/sprites/pokemon/versions/generation-v/black-white/102.png,https://raw.githubusercontent.com/PokeAPI/sprites/master/sprites/pokemon/versions/generation-v/black-white/shiny/102.png
103,Exeggutor,Grass,Psychic,Chlorophyll,https://raw.githubusercontent.com/PokeAPI/sprites/master/sprites/pokemon/versions/generation-v/black-white/103.png,https://raw.githubusercontent.com/PokeAPI/sprites/master/sprites/pokemon/versions/generation-v/black-white/shiny/103.png
83,Farfetch’d,Normal,Flying,Keen Eye,https://raw.githubusercontent.com/PokeAPI/sprites/master/sprites/pokemon/versions/generation-v/black-white/83.png,https://raw.githubusercontent.com/PokeAPI/sprites/master/sprites/pokemon/versions/generation-v/black-white/shiny/83.png
22,Fearow,Normal,Flying,Keen Eye,https://raw.githubusercontent.com/PokeAPI/sprites/master/sprites/pokemon/versions/generation-v/black-white/22.png,https://raw.githubusercontent.com/PokeAPI/sprites/master/sprites/pokemon/versions/generation-v/black-white/shiny/22.png
136,Flareon,Fire,,Flash Fire,https://raw.githubusercontent.com/PokeAPI/sprites/master/sprites/pokemon/versions/generation-v/black-white/136.png,https://raw.githubusercontent.com/PokeAPI/sprites/master/sprites/pokemon/versions/generation-v/black-white/shiny/136.png
92,Gastly,Ghost,Poison,Levitate,https://raw.githubusercontent.com/PokeAPI/sprites/master/sprites/pokemon/versions/generation-v/black-white/92.png,https://raw.githubusercontent.com/PokeAPI/sprites/master/sprites/pokemon/versions/generation-v/black-white/shiny/92.png
94,Gengar,Ghost,Poison,Levitate,https://raw.githubusercontent.com/PokeAPI/sprites/master/sprites/pokemon/versions/generation-v/black-white/94.png,https://raw.githubusercontent.com/PokeAPI/sprites/master/sprites/pokemon/versions/generation-v/black-white/shiny/94.png
74,Geodude,Rock,Ground,Rock Head,https://raw.githubusercontent.com/PokeAPI/sprites/master/sprites/pokemon/versions/generation-v/black-white/74.png,https://raw.githubusercontent.com/PokeAPI/sprites/master/sprites/pokemon/versions/generation-v/black-white/shiny/74.png
44,Gloom,Grass,Poison,Chlorophyll,https://raw.githubusercontent.com/PokeAPI/sprites/master/sprites/pokemon/versions/generation-v/black-white/44.png,https://raw.githubusercontent.com/PokeAPI/sprites/master/sprites/pokemon/versions/generation-v/black-white/shiny/44.png
42,Golbat,Poison,Flying,Inner Focus,https://raw.githubusercontent.com/PokeAPI/sprites/master/sprites/pokemon/versions/generation-v/black-white/42.png,https://raw.githubusercontent.com/PokeAPI/sprites/master/sprites/pokemon/versions/generation-v/black-white/shiny/42.png
118,Goldeen,Water,,Swift Swim,https://raw.githubusercontent.com/PokeAPI/sprites/master/sprites/pokemon/versions/generation-v/black-white/118.png,https://raw.githubusercontent.com/PokeAPI/sprites/master/sprites/pokemon/versions/generation-v/black-white/shiny/118.png
55,Golduck,Water,,Damp,https://raw.githubusercontent.com/PokeAPI/sprites/master/sprites/pokemon/versions/generation-v/black-white/55.png,https://raw.githubusercontent.com/PokeAPI/sprites/master/sprites/pokemon/versions/generation-v/black-white/shiny/55.png
76,Golem,Rock,Ground,Rock Head,https://raw.githubusercontent.com/PokeAPI/sprites/master/sprites/pokemon/versions/generation-v/black-white/76.png,https://raw.githubusercontent.com/PokeAPI/sprites/master/sprites/pokemon/versions/generation-v/black-white/shiny/76.png
75,Graveler,Rock,Ground,Rock Head,https://raw.githubusercontent.com/PokeAPI/sprites/master/sprites/pokemon/versions/generation-v/black-white/75.png,https://raw.githubusercontent.com/PokeAPI/sprites/master/sprites/pokemon/versions/generation-v/black-white/shiny/75.png
88,Grimer,Poison,,Stench,https://raw.githubusercontent.com/PokeAPI/sprites/master/sprites/pokemon/versions/generation-v/black-white/88.png,https://raw.githubusercontent.com/PokeAPI/sprites/master/sprites/pokemon/versions/generation-v/black-white/shiny/88.png
58,Growlithe,Fire,,Intimidate,https://raw.githubusercontent.com/PokeAPI/sprites/master/sprites/pokemon/versions/generation-v/black-white/58.png,https://raw.githubusercontent.com/PokeAPI/sprites/master/sprites/pokemon/versions/generation-v/black-white/shiny/58.png
130,Gyarados,Water,Flying,Intimidate,https://raw.githubusercontent.com/PokeAPI/sprites/master/sprites/pokemon/versions/generation-v/black-white/130.png,https://raw.githubusercontent.com/PokeAPI/sprites/master/sprites/pokemon/versions/generation-v/black-white/shiny/130.png
93,Haunter,Ghost,Poison,Levitate,https://raw.githubusercontent.com/PokeAPI/sprites/master/sprites/pokemon/versions/generation-v/black-white/93.png,https://raw.githubusercontent.com/PokeAPI/sprites/master/sprites/pokemon/versions/generation-v/black-white/shiny/93.png
107,Hitmonchan,Fighting,,Keen Eye,https://raw.githubusercontent.com/PokeAPI/sprites/master/sprites/pokemon/versions/generation-v/black-white/107.png,https://raw.githubusercontent.com/PokeAPI/sprites/master/sprites/pokemon/versions/generation-v/black-white/shiny/107.png
106,Hitmonlee,Fighting,,Limber,https://raw.githubusercontent.com/PokeAPI/sprites/master/sprites/pokemon/versions/generation-v/black-white/106.png,https://raw.githubusercontent.com/PokeAPI/sprites/master/sprites/pokemon/versions/generation-v/black-white/shiny/106.png
116,Horsea,Water,,Swift Swim,https://raw.githubusercontent.com/PokeAPI/sprites/master/sprites/pokemon/versions/generation-v/black-white/116.png,https://raw.githubusercontent.com/PokeAPI/sprites/master/sprites/pokemon/versions/generation-v/black-white/shiny/116.png
97,Hypno,Psychic,,Insomnia,https://raw.githubusercontent.com/PokeAPI/sprites/master/sprites/pokemon/versions/generation-v/black-white/97.png,https://raw.githubusercontent.com/PokeAPI/sprites/master/sprites/pokemon/versions/generation-v/black-white/shiny/97.png
2,Ivysaur,Grass,Poison,Overgrow,https://raw.githubusercontent.com/PokeAPI/sprites/master/sprites/pokemon/versions/generation-v/black-white/2.png,https://raw.githubusercontent.com/PokeAPI/sprites/master/sprites/pokemon/versions/generation-v/black-white/shiny/2.png
39,Jigglypuff,Normal,Fairy,Cute Charm,https://raw.githubusercontent.com/PokeAPI/sprites/master/sprites/pokemon/versions/generation-v/black-white/39.png,https://raw.githubusercontent.com/PokeAPI/sprites/master/sprites/pokemon/versions/generation-v/black-white/shiny/39.png
135,Jolteon,Electric,,Volt Absorb,https://raw.githubusercontent.com/PokeAPI/sprites/master/sprites/pokemon/versions/generation-v/black-white/135.png,https://raw.githubusercontent.com/PokeAPI/sprites/master/sprites/pokemon/versions/generation-v/black-white/shiny/135.png
124,Jynx,Ice,Psychic,Oblivious,https://raw.githubusercontent.com/PokeAPI/sprites/master/sprites/pokemon/versions/generation-v/black-white/124.png,https://raw.githubusercontent.com/PokeAPI/sprites/master/sprites/pokemon/versions/generation-v/black-white/shiny/124.png
140,Kabuto,Rock,Water,Swift Swim,https://raw.githubusercontent.com/PokeAPI/sprites/master/sprites/pokemon/versions/generation-v/black-white/140.png,https://raw.githubusercontent.com/PokeAPI/sprites/master/sprites/pokemon/versions/generation-v/black-white/shiny/140.png
141,Kabutops,Rock,Water,Swift Swim,https://raw.githubusercontent.com/PokeAPI/sprites/master/sprites/pokemon/versions/generation-v/black-white/141.png,https://raw.githubusercontent.com/PokeAPI/sprites/master/sprites/pokemon/versions/generation-v/black-white/shiny/141.png
64,Kadabra,Psychic,,Synchronize,https://raw.githubusercontent.com/PokeAPI/sprites/master/sprites/pokemon/versions/generation-v/black-white/64.png,https://raw.githubusercontent.com/PokeAPI/sprites/master/sprites/pokemon/versions/generation-v/black-white/shiny/64.png
14,Kakuna,Bug,Poison,Shed Skin,https://raw.githubusercontent.com/PokeAPI/sprites/master/sprites/pokemon/versions/generation-v/black-white/14.png,https://raw.githubusercontent.com/PokeAPI/sprites/master/sprites/pokemon/versions/generation-v/black-white/shiny/14.png
115,Kangaskhan,Normal,,Early Bird,https://raw.githubusercontent.com/PokeAPI/sprites/master/sprites/pokemon/versions/generation-v/black-white/115.png,https://raw.githubusercontent.com/PokeAPI/sprites/master/sprites/pokemon/versions/generation-v/black-white/shiny/115.png
99,Kingler,Water,,Hyper Cutter,https://raw.githubusercontent.com/PokeAPI/sprites/master/sprites/pokemon/versions/generation-v/black-white/99.png,https://raw.githubusercontent.com/PokeAPI/sprites/master/sprites/pokemon/versions/generation-v/black-white/shiny/99.png
109,Koffing,Poison,,Levitate,https://raw.githubusercontent.com/PokeAPI/sprites/master/sprites/pokemon/versions/generation-v/black-white/109.png,https://raw.githubusercontent.com/PokeAPI/sprites/master/sprites/pokemon/versions/generation-v/black-white/shiny/109.png
98,Krabby,Water,,Hyper Cutter,https://raw.githubusercontent.com/PokeAPI/sprites/master/sprites/pokemon/versions/generation-v/black-white/98.png,https://raw.githubusercontent.com/PokeAPI/sprites/master/sprites/pokemon/versions/generation-v/black-white/shiny/98.png
131,Lapras,Water,Ice,Water Absorb,https://raw.githubusercontent.com/PokeAPI/sprites/master/sprites/pokemon/versions/generation-v/black-white/131.png,https://raw.githubusercontent.com/PokeAPI/sprites/master/sprites/pokemon/versions/generation-v/black-white/shiny/131.png
108,Lickitung,Normal,,Own Tempo,https://raw.githubusercontent.com/PokeAPI/sprites/master/sprites/pokemon/versions/generation-v/black-white/108.png,https://raw.githubusercontent.com/PokeAPI/sprites/master/sprites/pokemon/versions/generation-v/black-white/shiny/108.png
68,Machamp,Fighting,,Guts,https://raw.githubusercontent.com/PokeAPI/sprites/master/sprites/pokemon/versions/generation-v/black-white/68.png,https://raw.githubusercontent.com/PokeAPI/sprites/master/sprites/pokemon/versions/generation-v/black-white/shiny/68.png
67,Machoke,Fighting,,Guts,https://raw.githubusercontent.com/PokeAPI/sprites/master/sprites/pokemon/versions/generation-v/black-white/67.png,https://raw.githubusercontent.com/PokeAPI/sprites/master/sprites/pokemon/versions/generation-v/black-white/shiny/67.png
66,Machop,Fighting,,Guts,https://raw.githubusercontent.com/PokeAPI/sprites/master/sprites/pokemon/versions/generation-v/black-white/66.png,https://raw.githubusercontent.com/PokeAPI/sprites/master/sprites/pokemon/versions/generation-v/black-white/shiny/66.png
129,Magikarp,Water,,Swift Swim,https://raw.githubusercontent.com/PokeAPI/sprites/master/sprites/pokemon/versions/generation-v/black-white/129.png,https://raw.githubusercontent.com/PokeAPI/sprites/master/sprites/pokemon/versions/generation-v/black-white/shiny/129.png
126,Magmar,Fire,,Flame Body,https://raw.githubusercontent.com/PokeAPI/sprites/master/sprites/pokemon/versions/generation-v/black-white/126.png,https://raw.githubusercontent.com/PokeAPI/sprites/master/sprites/pokemon/versions/generation-v/black-white/shiny/126.png
81,Magnemite,Electric,Steel,Magnet Pull,https://raw.githubusercontent.com/PokeAPI/sprites/master/sprites/pokemon/versions/generation-v/black-white/81.png,https://raw.githubusercontent.com/PokeAPI/sprites/master/sprites/pokemon/versions/generation-v/black-white/shiny/81.png
82,Magneton,Electric,Steel,Magnet Pull,https://raw.githubusercontent.com/PokeAPI/sprites/master/sprites/pokemon/versions/generation-v/black-white/82.png,https://raw.githubusercontent.com/PokeAPI/sprites/master/sprites/pokemon/versions/generation-v/black-white/shiny/82.png
56,Mankey,Fighting,,Vital Spirit,https://raw.githubusercontent.com/PokeAPI/sprites/master/sprites/pokemon/versions/generation-v/black-white/56.png,https://raw.githubusercontent.com/PokeAPI/sprites/master/sprites/pokemon/versions/generation-v/black-white/shiny/56.png
105,Marowak,Ground,,Rock Head,https://raw.githubusercontent.com/PokeAPI/sprites/master/sprites/pokemon/versions/generation-v/black-white/105.png,https://raw.githubusercontent.com/PokeAPI/sprites/master/sprites/pokemon/versions/generation-v/black-white/shiny/105.png
52,Meowth,Normal,,Pickup,https://raw.githubusercontent.com/PokeAPI/sprites/master/sprites/pokemon/versions/generation-v/black-white/52.png,https://raw.githubusercontent.com/PokeAPI/sprites/master/sprites/pokemon/versions/generation-v/black-white/shiny/52.png
11,Metapod,Bug,,Shed Skin,https://raw.githubusercontent.com/PokeAPI/sprites/master/sprites/pokemon/versions/generation-v/black-white/11.png,https://raw.githubusercontent.com/PokeAPI/sprites/master/sprites/pokemon/versions/generation-v/black-white/shiny/11.png
151,Mew,Psychic,,Synchronize,https://raw.githubusercontent.com/PokeAPI/sprites/master/sprites/pokemon/versions/generation-v/black-white/151.png,https://raw.githubusercontent.com/PokeAPI/sprites/master/sprites/pokemon/versions/generation-v/black-white/shiny/151.png
150,Mewtwo,Psychic,,Pressure,https://raw.githubusercontent.com/PokeAPI/sprites/master/sprites/pokemon/versions/generation-v/black-white/150.png,https://raw.githubusercontent.com/PokeAPI/sprites/master/sprites/pokemon/versions/generation-v/black-white/shiny/150.png
146,Moltres,Fire,Flying,Pressure,https://raw.githubusercontent.com/PokeAPI/sprites/master/sprites/pokemon/versions/generation-v/black-white/146.png,https://raw.githubusercontent.com/PokeAPI/sprites/master/sprites/pokemon/versions/generation-v/black-white/shiny/146.png
122,Mr. Mime,Psychic,Fairy,Soundproof,https://raw.githubusercontent.com/PokeAPI/sprites/master/sprites/pokemon/versions/generation-v/black-white/122.png,https://raw.githubusercontent.com/PokeAPI/sprites/master/sprites/pokemon/versions/generation-v/black-white/shiny/122.png
89,Muk,Poison,,Stench,https://raw.githubusercontent.com/PokeAPI/sprites/master/sprites/pokemon/versions/generation-v/black-white/89.png,https://raw.githubusercontent.com/PokeAPI/sprites/master/sprites/pokemon/versions/generation-v/black-white/shiny/89.png
34,Nidoking,Poison,Ground,Poison Point,https://raw.githubusercontent.com/PokeAPI/sprites/master/sprites/pokemon/versions/generation-v/black-white/34.png,https://raw.githubusercontent.com/PokeAPI/sprites/master/sprites/pokemon/versions/generation-v/black-white/shiny/34.png
31,Nidoqueen,Poison,Ground,Poison Point,https://raw.githubusercontent.com/PokeAPI/sprites/master/sprites/pokemon/versions/generation-v/black-white/31.png,https://raw.githubusercontent.com/PokeAPI/sprites/master/sprites/pokemon/versions/generation-v/black-white/shiny/31.png
29,Nidoran♀,Poison,,Poison Point,https://raw.githubusercontent.com/PokeAPI/sprites/master/sprites/pokemon/versions/generation-v/black-white/29.png,https://raw.githubusercontent.com/PokeAPI/sprites/master/sprites/pokemon/versions/generation-v/black-white/shiny/29.png
32,Nidoran♂,Poison,,Poison Point,https://raw.githubusercontent.com/PokeAPI/sprites/master/sprites/pokemon/versions/generation-v/black-white/32.png,https://raw.githubusercontent.com/PokeAPI/sprites/master/sprites/pokemon/versions/generation-v/black-white/shiny/32.png
30,Nidorina,Poison,,Poison Point,https://raw.githubusercontent.com/PokeAPI/sprites/master/sprites/pokemon/versions/generation-v/black-white/30.png,https://raw.githubusercontent.com/PokeAPI/sprites/master/sprites/pokemon/versions/generation-v/black-white/shiny/30.png
33,Nidorino,Poison,,Poison Point,https://raw.githubusercontent.com/PokeAPI/sprites/master/sprites/pokemon/versions/generation-v/black-white/33.png,https://raw.githubusercontent.com/PokeAPI/sprites/master/sprites/pokemon/versions/generation-v/black-white/shiny/33.png
38,Ninetales,Fire,,Flash Fire,https://raw.githubusercontent.com/PokeAPI/sprites/master/sprites/pokemon/versions/generation-v/black-white/38.png,https://raw.githubusercontent.com/PokeAPI/sprites/master/sprites/pokemon/versions/generation-v/black-white/shiny/38.png
43,Oddish,Grass,Poison,Chlorophyll,https://raw.githubusercontent.com/PokeAPI/sprites/master/sprites/pokemon/versions/generation-v/black-white/43.png,https://raw.githubusercontent.com/PokeAPI/sprites/master/sprites/pokemon/versions/generation-v/black-white/shiny/43.png
138,Omanyte,Rock,Water,Swift Swim,https://raw.githubusercontent.com/PokeAPI/sprites/master/sprites/pokemon/versions/generation-v/black-white/138.png,https://raw.githubusercontent.com/PokeAPI/sprites/master/sprites/pokemon/versions/generation-v/black-white/shiny/138.png
139,Omastar,Rock,Water,Swift Swim,https://raw.githubusercontent.com/PokeAPI/sprites/master/sprites/pokemon/versions/generation-v/black-white/139.png,https://raw.githubusercontent.com/PokeAPI/sprites/master/sprites/pokemon/versions/generation-v/black-white/shiny/139.png
95,Onix,Rock,Ground,Rock Head,https://raw.githubusercontent.com/PokeAPI/sprites/master/sprites/pokemon/versions/generation-v/black-white/95.png,https://raw.githubusercontent.com/PokeAPI/sprites/master/sprites/pokemon/versions/generation-v/black-white/shiny/95.png
46,Paras,Bug,Grass,Effect Spore,https://raw.githubusercontent.com/PokeAPI/sprites/master/sprites/pokemon/versions/generation-v/black-white/46.png,https://raw.githubusercontent.com/PokeAPI/sprites/master/sprites/pokemon/versions/generation-v/black-white/shiny/46.png
47,Parasect,Bug,Grass,Effect Spore,https://raw.githubusercontent.com/PokeAPI/sprites/master/sprites/pokemon/versions/generation-v/black-white/47.png,https://raw.githubusercontent.com/PokeAPI/sprites/master/sprites/pokemon/versions/generation-v/black-white/shiny/47.png
53,Persian,Normal,,Limber,https://raw.githubusercontent.com/PokeAPI/sprites/master/sprites/pokemon/versions/generation-v/black-white/53.png,https://raw.githubusercontent.com/PokeAPI/sprites/master/sprites/pokemon/versions/generation-v/black-white/shiny/53.png
18,Pidgeot,Normal,Flying,Keen Eye,https://raw.githubusercontent.com/PokeAPI/sprites/master/sprites/pokemon/versions/generation-v/black-white/18.png,https://raw.githubusercontent.com/PokeAPI/sprites/master/sprites/pokemon/versions/generation-v/black-white/shiny/18.png
17,Pidgeotto,Normal,Flying,Keen Eye,https://raw.githubusercontent.com/PokeAPI/sprites/master/sprites/pokemon/versions/generation-v/black-white/17.png,https://raw.githubusercontent.com/PokeAPI/sprites/master/sprites/pokemon/versions/generation-v/black-white/shiny/17.png
16,Pidgey,Normal,Flying,Keen Eye,https://raw.githubusercontent.com/PokeAPI/sprites/master/sprites/pokemon/versions/generation-v/black-white/16.png,https://raw.githubusercontent.com/PokeAPI/sprites/master/sprites/pokemon/versions/generation-v/black-white/shiny/16.png
25,Pikachu,Electric,,Static,https://raw.githubusercontent.com/PokeAPI/sprites/master/sprites/pokemon/versions/generation-v/black-white/25.png,https://raw.githubusercontent.com/PokeAPI/sprites/master/sprites/pokemon/versions/generation-v/black-white/shiny/25.png
127,Pinsir,Bug,,Hyper Cutter,https://raw.githubusercontent.com/PokeAPI/sprites/master/sprites/pokemon/versions/generation-v/black-white/127.png,https://raw.githubusercontent.com/PokeAPI/sprites/master/sprites/pokemon/versions/generation-v/black-white/shiny/127.png
60,Poliwag,Water,,Water Absorb,https://raw.githubusercontent.com/PokeAPI/sprites/master/sprites/pokemon/versions/generation-v/black-white/60.png,https://raw.githubusercontent.com/PokeAPI/sprites/master/sprites/pokemon/versions/generation-v/black-white/shiny/60.png
61,Poliwhirl,Water,,Water Absorb,https://raw.githubusercontent.com/PokeAPI/sprites/master/sprites/pokemon/versions/generation-v/black-white/61.png,https://raw.githubusercontent.com/PokeAPI/sprites/master/sprites/pokemon/versions/generation-v/black-white/shiny/61.png
62,Poliwrath,Water,Fighting,Water Absorb,https://raw.githubusercontent.com/PokeAPI/sprites/master/sprites/pokemon/versions/generation-v/black-white/62.png,https://raw.githubusercontent.com/PokeAPI/sprites/master/sprites/pokemon/versions/generation-v/black-white/shiny/62.png
77,Ponyta,Fire,,Run Away,https://raw.githubusercontent.com/PokeAPI/sprites/master/sprites/pokemon/versions/generation-v/black-white/77.png,https://raw.githubusercontent.com/PokeAPI/sprites/master/sprites/pokemon/versions/generation-v/black-white/shiny/77.png
137,Porygon,Normal,,Trace,https://raw.githubusercontent.com/PokeAPI/sprites/master/sprites/pokemon/versions/generation-v/black-white/137.png,https://raw.githubusercontent.com/PokeAPI/sprites/master/sprites/pokemon/versions/generation-v/black-white/shiny/137.png
57,Primeape,Fighting,,Vital Spirit,https://raw.githubusercontent.com/PokeAPI/sprites/master/sprites/pokemon/versions/generation-v/black-white/57.png,https://raw.githubusercontent.com/PokeAPI/sprites/master/sprites/pokemon/versions/generation-v/black-white/shiny/57.png
54,Psyduck,Water,,Damp,https://raw.githubusercontent.com/PokeAPI/sprites/master/sprites/pokemon/versions/generation-v/black-white/54.png,https://raw.githubusercontent.com/PokeAPI/sprites/master/sprites/pokemon/versions/generation-v/black-white/shiny/54.png
26,Raichu,Electric,,Static,https://raw.githubusercontent.com/PokeAPI/sprites/master/sprites/pokemon/versions/generation-v/black-white/26.png,https://raw.githubusercontent.com/PokeAPI/sprites/master/sprites/pokemon/versions/generation-v/black-white/shiny/26.png
78,Rapidash,Fire,,Run Away,https://raw.githubusercontent.com/PokeAPI/sprites/master/sprites/pokemon/versions/generation-v/black-white/78.png,https://raw.githubusercontent.com/PokeAPI/sprites/master/sprites/pokemon/versions/generation-v/black-white/shiny/78.png
20,Raticate,Normal,,Run Away,https://raw.githubusercontent.com/PokeAPI/sprites/master/sprites/pokemon/versions/generation-v/black-white/20.png,https://raw.githubusercontent.com/PokeAPI/sprites/master/sprites/pokemon/versions/generation-v/black-white/shiny/20.png
19,Rattata,Normal,,Run Away,https://raw.githubusercontent.com/PokeAPI/sprites/master/sprites/pokemon/versions/generation-v/black-white/19.png,https://raw.githubusercontent.com/PokeAPI/sprites/master/sprites/pokemon/versions/generation-v/black-white/shiny/19.png
112,Rhydon,Ground,Rock,Lightning Rod,https://raw.githubusercontent.com/PokeAPI/sprites/master/sprites/pokemon/versions/generation-v/black-white/112.png,https://raw.githubusercontent.com/PokeAPI/sprites/master/sprites/pokemon/versions/generation-v/black-white/shiny/112.png
111,Rhyhorn,Ground,Rock,Lightning Rod,https://raw.githubusercontent.com/PokeAPI/sprites/master/sprites/pokemon/versions/generation-v/black-white/111.png,https://raw.githubusercontent.com/PokeAPI/sprites/master/sprites/pokemon/versions/generation-v/black-white/shiny/111.png
27,Sandshrew,Ground,,Sand Veil,https://raw.githubusercontent.com/PokeAPI/sprites/master/sprites/pokemon/versions/generation-v/black-white/27.png,https://raw.githubusercontent.com/PokeAPI/sprites/master/sprites/pokemon/versions/generation-v/black-white/shiny/27.png
28,Sandslash,Ground,,Sand Veil,https://raw.githubusercontent.com/PokeAPI/sprites/master/sprites/pokemon/versions/generation-v/black-white/28.png,https://raw.githubusercontent.com/PokeAPI/sprites/master/sprites/pokemon/versions/generation-v/black-white/shiny/28.png
123,Scyther,Bug,Flying,Swarm,https://raw.githubusercontent.com/PokeAPI/sprites/master/sprites/pokemon/versions/generation-v/black-white/123.png,https://raw.githubusercontent.com/PokeAPI/sprites/master/sprites/pokemon/versions/generation-v/black-white/shiny/123.png
117,Seadra,Water,,Poison Point,https://raw.githubusercontent.com/PokeAPI/sprites/master/sprites/pokemon/versions/generation-v/black-white/117.png,https://raw.githubusercontent.com/PokeAPI/sprites/master/sprites/pokemon/versions/generation-v/black-white/shiny/117.png
119,Seaking,Water,,Swift Swim,https://raw.githubusercontent.com/PokeAPI/sprites/master/sprites/pokemon/versions/generation-v/black-white/119.png,https://raw.githubusercontent.com/PokeAPI/sprites/master/sprites/pokemon/versions/generation-v/black-white/shiny/119.png
86,Seel,Water,,Thick Fat,https://raw.githubusercontent.com/PokeAPI/sprites/master/sprites/pokemon/versions/generation-v/black-white/86.png,https://raw.githubusercontent.com/PokeAPI/sprites/master/sprites/pokemon/versions/generation-v/black-white/shiny/86.png
90,Shellder,Water,,Shell Armor,https://raw.githubusercontent.com/PokeAPI/sprites/master/sprites/pokemon/versions/generation-v/black-white/90.png,https://raw.githubusercontent.com/PokeAPI/sprites/master/sprites/pokemon/versions/generation-v/black-white/shiny/90.png
80,Slowbro,Water,Psychic,Oblivious,https://raw.githubusercontent.com/PokeAPI/sprites/master/sprites/pokemon/versions/generation-v/black-white/80.png,https://raw.githubusercontent.com/PokeAPI/sprites/master/sprites/pokemon/versions/generation-v/black-white/shiny/80.png
79,Slowpoke,Water,Psychic,Oblivious,https://raw.githubusercontent.com/PokeAPI/sprites/master/sprites/pokemon/versions/generation-v/black-white/79.png,https://raw.githubusercontent.com/PokeAPI/sprites/master/sprites/pokemon/versions/generation-v/black-white/shiny/79.png
143,Snorlax,Normal,,Immunity,https://raw.githubusercontent.com/PokeAPI/sprites/master/sprites/pokemon/versions/generation-v/black-white/143.png,https://raw.githubusercontent.com/PokeAPI/sprites/master/sprites/pokemon/versions/generation-v/black-white/shiny/143.png
21,Spearow,Normal,Flying,Keen Eye,https://raw.githubusercontent.com/PokeAPI/sprites/master/sprites/pokemon/versions/generation-v/black-white/21.png,https://raw.githubusercontent.com/PokeAPI/sprites/master/sprites/pokemon/versions/generation-v/black-white/shiny/21.png
7,Squirtle,Water,,Torrent,https://raw.githubusercontent.com/PokeAPI/sprites/master/sprites/pokemon/versions/generation-v/black-white/7.png,https://raw.githubusercontent.com/PokeAPI/sprites/master/sprites/pokemon/versions/generation-v/black-white/shiny/7.png
121,Starmie,Water,Psychic,Illuminate,https://raw.githubusercontent.com/PokeAPI/sprites/master/sprites/pokemon/versions/generation-v/black-white/121.png,https://raw.githubusercontent.com/PokeAPI/sprites/master/sprites/pokemon/versions/generation-v/black-white/shiny/121.png
120,Staryu,Water,,Illuminate,https://raw.githubusercontent.com/PokeAPI/sprites/master/sprites/pokemon/versions/generation-v/black-white/120.png,https://raw.githubusercontent.com/PokeAPI/sprites/master/sprites/pokemon/versions/generation-v/black-white/shiny/120.png
114,Tangela,Grass,,Chlorophyll,https://raw.githubusercontent.com/PokeAPI/sprites/master/sprites/pokemon/versions/generation-v/black-white/114.png,https://raw.githubusercontent.com/PokeAPI/sprites/master/sprites/pokemon/versions/generation-v/black-white/shiny/114.png
128,Tauros,Normal,,Intimidate,https://raw.githubusercontent.com/PokeAPI/sprites/master/sprites/pokemon/versions/generation-v/black-white/128.png,https://raw.githubusercontent.com/PokeAPI/sprites/master/sprites/pokemon/versions/generation-v/black-white/shiny/128.png
72,Tentacool,Water,Poison,Clear Body,https://raw.githubusercontent.com/PokeAPI/sprites/master/sprites/pokemon/versions/generation-v/black-white/72.png,https://raw.githubusercontent.com/PokeAPI/sprites/master/sprites/pokemon/versions/generation-v/black-white/shiny/72.png
73,Tentacruel,Water,Poison,Clear Body,https://raw.githubusercontent.com/PokeAPI/sprites/master/sprites/pokemon/versions/generation-v/black-white/73.png,https://raw.githubusercontent.com/PokeAPI/sprites/master/sprites/pokemon/versions/generation-v/black-white/shiny/73.png
134,Vaporeon,Water,,Water Absorb,https://raw.githubusercontent.com/PokeAPI/sprites/master/sprites/pokemon/versions/generation-v/black-white/134.png,https://raw.githubusercontent.com/PokeAPI/sprites/master/sprites/pokemon/versions/generation-v/black-white/shiny/134.png
49,Venomoth,Bug,Poison,Shield Dust,https://raw.githubusercontent.com/PokeAPI/sprites/master/sprites/pokemon/versions/generation-v/black-white/49.png,https://raw.githubusercontent.com/PokeAPI/sprites/master/sprites/pokemon/versions/generation-v/black-white/shiny/49.png
48,Venonat,Bug,Poison,Compound Eyes,https://raw.githubusercontent.com/PokeAPI/sprites/master/sprites/pokemon/versions/generation-v/black-white/48.png,https://raw.githubusercontent.com/PokeAPI/sprites/master/sprites/pokemon/versions/generation-v/black-white/shiny/48.png
3,Venusaur,Grass,Poison,Overgrow,https://raw.githubusercontent.com/PokeAPI/sprites/master/sprites/pokemon/versions/generation-v/black-white/3.png,https://raw.githubusercontent.com/PokeAPI/sprites/master/sprites/pokemon/versions/generation-v/black-white/shiny/3.png
71,Victreebel,Grass,Poison,Chlorophyll,https://raw.githubusercontent.com/PokeAPI/sprites/master/sprites/pokemon/versions/generation-v/black-white/71.png,https://raw.githubusercontent.com/PokeAPI/sprites/master/sprites/pokemon/versions/generation-v/black-white/shiny/71.png
45,Vileplume,Grass,Poison,Chlorophyll,https://raw.githubusercontent.com/PokeAPI/sprites/master/sprites/pokemon/versions/generation-v/black-white/45.png,https://raw.githubusercontent.com/PokeAPI/sprites/master/sprites/pokemon/versions/generation-v/black-white/shiny/45.png
100,Voltorb,Electric,,Soundproof,https://raw.githubusercontent.com/PokeAPI/sprites/master/sprites/pokemon/versions/generation-v/black-white/100.png,https://raw.githubusercontent.com/PokeAPI/sprites/master/sprites/pokemon/versions/generation-v/black-white/shiny/100.png
37,Vulpix,Fire,,Flash Fire,https://raw.githubusercontent.com/PokeAPI/sprites/master/sprites/pokemon/versions/generation-v/black-white/37.png,https://raw.githubusercontent.com/PokeAPI/sprites/master/sprites/pokemon/versions/generation-v/black-white/shiny/37.png
8,Wartortle,Water,,Torrent,https://raw.githubusercontent.com/PokeAPI/sprites/master/sprites/pokemon/versions/generation-v/black-white/8.png,https://raw.githubusercontent.com/PokeAPI/sprites/master/sprites/pokemon/versions/generation-v/black-white/shiny/8.png
13,Weedle,Bug,Poison,Shield Dust,https://raw.githubusercontent.com/PokeAPI/sprites/master/sprites/pokemon/versions/generation-v/black-white/13.png,https://raw.githubusercontent.com/PokeAPI/sprites/master/sprites/pokemon/versions/generation-v/black-white/shiny/13.png
70,Weepinbell,Grass,Poison,Chlorophyll,https://raw.githubusercontent.com/PokeAPI/sprites/master/sprites/pokemon/versions/generation-v/black-white/70.png,https://raw.githubusercontent.com/PokeAPI/sprites/master/sprites/pokemon/versions/generation-v/black-white/shiny/70.png
110,Weezing,Poison,,Levitate,https://raw.githubusercontent.com/PokeAPI/sprites/master/sprites/pokemon/versions/generation-v/black-white/110.png,https://raw.githubusercontent.com/PokeAPI/sprites/master/sprites/pokemon/versions/generation-v/black-white/shiny/110.png
40,Wigglytuff,Normal,Fairy,Cute Charm,https://raw.githubusercontent.com/PokeAPI/sprites/master/sprites/pokemon/versions/generation-v/black-white/40.png,https://raw.githubusercontent.com/PokeAPI/sprites/master/sprites/pokemon/versions/generation-v/black-white/shiny/40.png
145,Zapdos,Electric,Flying,Pressure,https://raw.githubusercontent.com/PokeAPI/sprites/master/sprites/pokemon/versions/generation-v/black-white/145.png,https://raw.githubusercontent.com/PokeAPI/sprites/master/sprites/pokemon/versions/generation-v/black-white/shiny/145.png
41,Zubat,Poison,Flying,Inner Focus,https://raw.githubusercontent.com/PokeAPI/sprites/master/sprites/pokemon/versions/generation-v/black-white/41.png,https://raw.githubusercontent.com/PokeAPI/sprites/master/sprites/pokemon/versions/generation-v/black-white/shiny/41.png
